0,Carmella Lambert,61,"628 Sumner Place, Sperryville, American Samoa, 9819",+1 (910) 567-3630,blue,1,58
1,Decker Mckenzie,60,"492 Stockton Street, Lawrence, Guam, 4854",+1 (893) 587-3311,brown,0,98
2,Bonnie Bass,54,"455 Dictum Court, Nadine, Mississippi, 6499",+1 (823) 428-3710,blue,0,59
3,Rosemary Hayes,30,"130 Bay Parkway, Marshall, Virgin Islands, 298",+1 (984) 437-3226,blue,1,48
4,Mindy Beasley,62,"628 Brevoort Place, Bellamy, Kansas, 2696",+1 (862) 503-2197,brown,0,18
5,Grace Kelly,24,"762 Tabor Court, Ola, Idaho, 4329",+1 (923) 600-2868,blue,0,72
6,Cote Booth,26,"394 Loring Avenue, Salvo, Maryland, 9396",+1 (842) 598-3525,brown,1,34
7,Stark Cole,29,"429 Estate Road, Vallonia, Michigan, 5093",+1 (847) 479-3112,blue,1,19
8,Eliza Spence,65,"491 Butler Street, Hobucken, Louisiana, 5594",+1 (899) 497-3958,brown,1,80
9,Henderson Petty,26,"129 Beach Place, Gorham, District Of Columbia, 2637",+1 (802) 558-2744,blue,1,43
10,Kathleen Clarke,30,"195 Ovington Avenue, Bonanza, Indiana, 7131",+1 (888) 523-3982,blue,1,99
11,Garza Riley,55,"863 Boardwalk , Sheatown, Utah, 2634",+1 (927) 541-3681,blue,0,36
12,Lott Townsend,52,"313 Sackman Street, Catharine, South Carolina, 7637",+1 (862) 446-2223,brown,1,69
13,Whitfield Deleon,43,"381 Debevoise Avenue, Whitmer, Minnesota, 2849",+1 (879) 555-3032,brown,0,36
14,Goodwin Cook,32,"140 Matthews Place, Coventry, North Dakota, 6871",+1 (943) 482-2978,brown,0,88
15,Morris Logan,25,"776 Thatford Avenue, Wattsville, New York, 8981",+1 (830) 441-2767,brown,1,46
16,Moon Herring,40,"718 Locust Street, Ernstville, Kentucky, 741",+1 (947) 466-2999,brown,0,100
17,Lindsay Harrington,47,"982 Woodhull Street, Yardville, West Virginia, 7246",+1 (867) 520-3822,blue,1,82
18,Conway Charles,24,"798 Lefferts Avenue, Trexlertown, Colorado, 6860",+1 (900) 436-2673,blue,0,27
19,Cortez Fuentes,40,"312 Pershing Loop, Cascades, Tennessee, 3603",+1 (993) 593-3128,brown,1,5
20,Abby Moore,38,"570 Brooklyn Avenue, Bordelonville, Arkansas, 9910",+1 (980) 462-2868,brown,0,9
21,Shelby Duke,57,"425 Fleet Walk, Sunbury, Maine, 7959",+1 (993) 537-3863,brown,0,89
22,Claire Kline,40,"867 Henderson Walk, Lisco, South Dakota, 6138",+1 (882) 512-3268,blue,0,85
23,Collins Berger,52,"931 Amboy Street, Fredericktown, Washington, 9655",+1 (861) 413-3809,brown,0,68
24,Pittman Rios,50,"116 Girard Street, Inkerman, Hawaii, 8656",+1 (845) 584-3239,brown,1,22
25,Nelson Morin,39,"269 Durland Place, Bakersville, Marshall Islands, 6358",+1 (971) 597-3833,blue,0,16
26,Byrd Rivers,46,"424 Surf Avenue, Walton, Federated States Of Micronesia, 247",+1 (805) 589-3278,blue,0,27
27,Ginger Gates,64,"752 Losee Terrace, Nogal, Palau, 2997",+1 (977) 504-2975,brown,1,18
28,Sherman Lester,58,"332 Woodbine Street, Westboro, Nebraska, 9655",+1 (958) 427-3531,brown,0,31
29,Hanson Yang,60,"809 Prescott Place, Sussex, Rhode Island, 162",+1 (977) 472-3635,blue,0,57
30,Sonia Fitzpatrick,62,"784 Summit Street, Indio, Wisconsin, 8771",+1 (905) 446-3396,blue,1,33
31,Kirkland Albert,31,"800 Lancaster Avenue, Baden, Virginia, 1447",+1 (916) 431-3107,brown,0,53
32,Mabel Steele,50,"494 Brighton Avenue, Tonopah, Montana, 4523",+1 (862) 524-2483,brown,1,7
33,Autumn Greene,64,"803 Bragg Court, Canby, Oregon, 9112",+1 (935) 511-2774,brown,1,40
34,Keith Randall,50,"253 Stratford Road, Brandywine, Illinois, 1509",+1 (946) 493-3044,brown,0,91
35,Talley Shannon,29,"242 Albee Square, Tilleda, Georgia, 666",+1 (817) 590-2266,brown,1,56
36,Tammy Lowery,61,"856 Macon Street, Tolu, Massachusetts, 6888",+1 (910) 566-2351,blue,0,10
37,Wade Aguilar,34,"840 Grand Street, Coultervillle, Arizona, 9435",+1 (831) 584-2409,brown,1,71
38,Oneill Wood,22,"424 Rutherford Place, Juarez, Delaware, 3608",+1 (965) 517-3454,brown,1,94
39,Tricia Stephens,23,"147 Lyme Avenue, Emison, North Carolina, 9596",+1 (812) 431-3771,brown,1,15
40,Gabrielle Horton,27,"141 High Street, Wyano, Northern Mariana Islands, 3341",+1 (859) 448-2772,brown,1,14
41,Penny Oneill,44,"280 Legion Street, Kenwood, Vermont, 9274",+1 (952) 408-3536,brown,1,82
42,Hendricks Simon,20,"267 Oakland Place, Mulberry, New Jersey, 1020",+1 (800) 565-2705,blue,1,32
43,Wilda Cooley,36,"806 Varick Avenue, Esmont, Puerto Rico, 2514",+1 (959) 525-3570,brown,0,12
44,Day Carr,45,"591 Campus Place, Waiohinu, New Hampshire, 7662",+1 (986) 564-3862,brown,0,13
45,Leona Hurst,59,"905 Hinsdale Street, Townsend, Oklahoma, 8370",+1 (868) 447-2744,brown,0,53
46,Megan Mejia,27,"957 Amber Street, Gambrills, Alaska, 5462",+1 (923) 421-2821,blue,1,21
47,Brady Poole,36,"376 Belmont Avenue, Brady, Missouri, 228",+1 (834) 519-3995,blue,0,15
48,Marci Harvey,54,"644 Wallabout Street, Farmington, Florida, 9249",+1 (819) 581-2642,blue,1,10
49,Cross Roman,34,"377 Will Place, Skyland, Pennsylvania, 3968",+1 (901) 529-3229,blue,0,18
50,Frieda Combs,34,"761 Rockaway Parkway, Campo, Iowa, 9469",+1 (921) 511-3861,blue,0,53
51,Darlene Jones,57,"858 Canda Avenue, Eastvale, Wyoming, 1472",+1 (881) 434-2263,brown,0,3
52,Ilene Hendrix,44,"492 Kansas Place, Fivepointville, California, 951",+1 (923) 565-2000,brown,0,4
53,Maynard Dickerson,21,"673 Division Avenue, Whitewater, Connecticut, 4795",+1 (918) 497-3951,brown,0,11
54,Sabrina Sargent,52,"761 Lombardy Street, Nord, Nevada, 4725",+1 (937) 506-2201,brown,1,37
55,Barnett Bonner,30,"528 Onderdonk Avenue, Fairacres, Ohio, 5381",+1 (930) 546-2787,brown,1,85
56,Wendy Leon,25,"957 Vista Place, Guilford, Texas, 4016",+1 (831) 408-2309,blue,0,6
57,Blanca Ross,34,"859 Dahill Road, Clarktown, New Mexico, 6740",+1 (864) 550-2704,blue,0,81
58,Sheila Young,60,"230 Chester Court, Olney, American Samoa, 5747",+1 (805) 526-2599,blue,1,76
59,Leblanc Talley,55,"621 Boerum Street, Wheatfields, Guam, 8568",+1 (879) 458-2689,brown,0,100
60,Gamble Maldonado,52,"925 Brightwater Avenue, Kerby, Mississippi, 2151",+1 (814) 533-2512,brown,1,33
61,Kathrine Vaughan,30,"475 Lafayette Avenue, Allensworth, Virgin Islands, 1409",+1 (942) 516-2902,brown,0,8
62,Lisa Schwartz,35,"245 Greene Avenue, Swartzville, Kansas, 8628",+1 (951) 561-2457,blue,1,23
63,Frederick Clayton,49,"606 Devoe Street, Chamberino, Idaho, 5455",+1 (889) 538-2468,brown,1,15
64,Anita Whitaker,30,"385 Grace Court, Lydia, Maryland, 282",+1 (873) 400-3255,brown,0,34
65,Carter Curtis,64,"347 Plymouth Street, Bethany, Michigan, 1575",+1 (892) 576-3757,brown,1,82
66,Mack Gilbert,50,"944 Ashford Street, Bridgetown, Louisiana, 7129",+1 (958) 532-3976,brown,1,82
67,Cheri Hurley,57,"103 Ellery Street, Tryon, District Of Columbia, 4852",+1 (808) 585-2891,brown,0,91
68,Miranda Holman,36,"486 Beaver Street, Hickory, Indiana, 7434",+1 (968) 596-2261,blue,0,24
69,Rosalind Edwards,63,"850 Debevoise Street, Jardine, Utah, 2478",+1 (909) 596-3721,brown,1,94
70,Richard Forbes,21,"260 Barwell Terrace, Waterview, South Carolina, 9731",+1 (927) 471-3546,blue,1,16
71,Joyce Collier,31,"317 Junius Street, Sims, Minnesota, 6931",+1 (938) 575-3888,brown,0,56
72,Zelma Mcknight,61,"930 Chase Court, Lindcove, North Dakota, 3747",+1 (827) 484-2683,blue,0,14
73,Iva Robinson,56,"682 Lake Street, Bradenville, New York, 7518",+1 (937) 481-2067,blue,0,58
74,Nellie Burnett,37,"476 Moultrie Street, Brutus, Kentucky, 7730",+1 (854) 485-3873,blue,1,67
75,Bell Haley,59,"850 Hall Street, Eden, West Virginia, 9987",+1 (927) 506-3151,blue,0,78
76,Claudette Roy,36,"385 Louis Place, Carrizo, Colorado, 3518",+1 (879) 581-3942,brown,1,51
77,Lopez Clark,50,"320 Danforth Street, Lavalette, Tennessee, 8927",+1 (983) 571-3784,blue,0,59
78,Moran Smith,46,"696 Garden Place, Heil, Arkansas, 1194",+1 (870) 544-3658,brown,0,25
79,Juanita Riddle,47,"901 Roosevelt Place, Caron, Maine, 2758",+1 (859) 404-2452,blue,1,36
80,Ford Blackwell,53,"108 Wilson Avenue, Crisman, South Dakota, 8972",+1 (833) 560-3838,blue,1,45
81,Austin Page,59,"917 Quay Street, Chicopee, Washington, 6283",+1 (906) 537-2161,blue,1,47
82,Cervantes Gilliam,22,"635 Brighton Court, Malo, Hawaii, 3980",+1 (834) 424-3599,brown,1,32
83,Sharron Barker,28,"598 Polhemus Place, Ogema, Marshall Islands, 3906",+1 (856) 530-3907,blue,0,45
84,Cheryl Dominguez,22,"920 Linden Boulevard, Barstow, Federated States Of Micronesia, 891",+1 (915) 523-3957,brown,0,63
85,Warren Macdonald,20,"931 Nixon Court, Glasgow, Palau, 5943",+1 (867) 505-2407,brown,1,97
86,Norman Potts,45,"315 Middleton Street, Walland, Nebraska, 1096",+1 (983) 520-2730,brown,1,36
87,Randall Allen,54,"221 Bay Avenue, Cedarville, Rhode Island, 2286",+1 (958) 403-2481,brown,0,23
88,Bradshaw Nichols,50,"781 Franklin Avenue, Baker, Wisconsin, 4748",+1 (805) 447-3492,blue,0,56
89,Hoover Acevedo,24,"442 Branton Street, Ryderwood, Virginia, 4795",+1 (903) 470-3354,blue,1,94
90,Dawn Marshall,42,"666 Ford Street, Dundee, Montana, 1575",+1 (864) 589-2490,brown,0,93
91,Julie Salazar,62,"178 Classon Avenue, Kohatk, Oregon, 1586",+1 (961) 564-3542,blue,0,37
92,Jenny Fernandez,56,"796 Harwood Place, Clay, Illinois, 6300",+1 (974) 428-2244,brown,1,66
93,Cecilia Mosley,40,"208 Kenmore Court, Kilbourne, Georgia, 3211",+1 (869) 529-3856,blue,1,28
94,Wood Ratliff,29,"488 Nova Court, Innsbrook, Massachusetts, 8691",+1 (899) 414-2277,blue,1,22
95,Allison Whitfield,34,"266 Chauncey Street, Ruffin, Arizona, 1036",+1 (888) 564-2089,brown,1,32
96,Jeannie Gillespie,50,"254 Columbia Street, Saticoy, Delaware, 5783",+1 (870) 568-3651,brown,0,62
97,Julianne Duffy,53,"706 Covert Street, Bellfountain, North Carolina, 3035",+1 (845) 600-2968,blue,0,23
98,Alexander Valencia,24,"690 Ovington Court, Coalmont, Northern Mariana Islands, 2275",+1 (817) 419-2836,blue,1,94
99,Deborah Browning,35,"442 Berriman Street, Beaulieu, Vermont, 7363",+1 (978) 470-2307,blue,1,52
100,Vasquez Evans,31,"599 Provost Street, Chesterfield, New Jersey, 872",+1 (834) 544-2792,blue,1,67
101,Shauna Mann,35,"692 Jackson Court, Vienna, Puerto Rico, 2919",+1 (876) 519-3737,blue,0,49
102,Gray Burton,48,"842 Nassau Avenue, Nutrioso, New Hampshire, 9633",+1 (884) 447-3667,brown,0,26
103,Spence Waters,21,"824 Bills Place, Whitestone, Oklahoma, 2118",+1 (920) 575-3285,blue,0,12
104,Payne Duncan,37,"818 Clay Street, Bendon, Alaska, 9382",+1 (854) 465-3305,brown,0,23
105,Rosie King,37,"401 Cranberry Street, Jeff, Missouri, 8091",+1 (944) 461-3436,brown,1,18
106,Hunt Garrison,33,"890 Kings Place, Takilma, Florida, 8744",+1 (875) 479-3063,blue,0,85
107,Lula Kinney,34,"423 Frost Street, Maplewood, Pennsylvania, 9765",+1 (936) 521-2727,brown,0,81
108,Guy Dunn,50,"752 Grove Place, Denio, Iowa, 2671",+1 (889) 486-3219,blue,1,99
109,Luella Crane,47,"410 Halsey Street, Bergoo, Wyoming, 4237",+1 (953) 548-2018,brown,0,63
110,Ruthie Camacho,53,"334 Huntington Street, Barronett, California, 7836",+1 (892) 420-2852,blue,1,13
111,Farley Tran,48,"128 Woodside Avenue, Collins, Connecticut, 4054",+1 (977) 473-3134,brown,1,32
112,Russell Christian,59,"111 King Street, Alamo, Nevada, 1173",+1 (974) 483-3423,brown,0,17
113,Leann Henderson,23,"302 Richards Street, Groton, Ohio, 6562",+1 (942) 458-3010,brown,1,18
114,Kasey Rice,43,"148 Flatbush Avenue, Noblestown, Texas, 703",+1 (813) 540-2127,blue,0,85
115,Hill Mclaughlin,48,"280 Aurelia Court, Waverly, New Mexico, 4840",+1 (903) 577-3541,blue,1,12
116,Pickett Tucker,54,"333 McKibben Street, Makena, American Samoa, 3771",+1 (928) 415-2577,brown,1,86
117,Etta Whitney,49,"694 Congress Street, Moscow, Guam, 4922",+1 (815) 559-3328,brown,1,22
118,Rhodes Boone,25,"636 Metrotech Courtr, Riceville, Mississippi, 5969",+1 (853) 421-3874,blue,1,59
119,Vinson Juarez,30,"582 Judge Street, Clarence, Virgin Islands, 8960",+1 (979) 424-2024,brown,0,41
120,Mavis Davidson,51,"616 Dover Street, Trinway, Kansas, 3320",+1 (946) 445-3247,blue,0,67
121,Juliette Doyle,33,"821 Dean Street, Nipinnawasee, Idaho, 3862",+1 (993) 428-3061,blue,1,9
122,Sanford Paul,31,"488 Woodruff Avenue, Hebron, Maryland, 496",+1 (845) 413-2666,blue,0,21
123,Riggs Daniel,20,"153 Opal Court, Lewis, Michigan, 194",+1 (976) 574-3657,brown,1,96
124,Tisha Nielsen,34,"743 Columbia Place, Tuttle, Louisiana, 9017",+1 (896) 435-3994,brown,1,21
125,Mason Lynch,61,"644 Royce Place, Linwood, District Of Columbia, 3610",+1 (943) 536-3699,brown,1,74
126,Deleon Orr,54,"926 Matthews Court, Nelson, Indiana, 874",+1 (922) 468-2967,brown,1,90
127,Aida Hicks,46,"303 Montana Place, Brownlee, Utah, 9003",+1 (882) 597-2613,blue,0,80
128,Ortega Conway,32,"355 Chapel Street, Hardyville, South Carolina, 918",+1 (879) 562-3274,blue,1,43
129,Lorena Pruitt,53,"713 Court Street, Cresaptown, Minnesota, 9487",+1 (923) 504-2631,brown,0,83
130,Macias Tillman,53,"337 Noll Street, Iola, North Dakota, 2014",+1 (971) 408-3408,blue,1,34
131,Evangelina Sharp,60,"862 Hoyts Lane, Tyhee, New York, 5923",+1 (985) 479-2138,brown,0,6
132,William Santos,23,"753 Maple Street, Crawfordsville, Kentucky, 5444",+1 (899) 411-3017,blue,1,44
133,Harvey Jefferson,37,"956 Georgia Avenue, Northridge, West Virginia, 8032",+1 (984) 408-2931,blue,0,33
134,Walker Gross,27,"286 Claver Place, Richville, Colorado, 2901",+1 (870) 465-3774,blue,1,16
135,Barry Vang,53,"598 Nelson Street, Highland, Tennessee, 864",+1 (836) 486-2619,blue,1,39
136,Twila Todd,23,"142 Independence Avenue, Grapeview, Arkansas, 5687",+1 (860) 492-3652,blue,0,86
137,Duncan Michael,29,"790 Perry Terrace, Downsville, Maine, 5869",+1 (920) 423-2980,brown,0,38
138,Brandi Savage,23,"364 Veronica Place, Emerald, South Dakota, 1931",+1 (845) 465-2254,blue,0,59
139,Jeanette Silva,62,"535 Nichols Avenue, Cherokee, Washington, 8467",+1 (995) 495-2694,blue,0,25
140,Trisha Molina,24,"497 Holt Court, Connerton, Hawaii, 2162",+1 (915) 412-2760,brown,0,56
141,Julia Richmond,23,"202 Cooke Court, Laurelton, Marshall Islands, 8290",+1 (981) 520-2763,blue,0,32
142,Patrica Hamilton,29,"809 Luquer Street, Lopezo, Federated States Of Micronesia, 1753",+1 (939) 465-2046,brown,0,79
143,Dora Justice,52,"930 Lenox Road, Chalfant, Palau, 8539",+1 (930) 519-3326,brown,0,61
144,Gaines Pace,35,"836 Putnam Avenue, Woodlands, Nebraska, 4951",+1 (957) 564-2951,blue,0,60
145,Hopkins Jacobs,35,"451 Colonial Court, Rosburg, Rhode Island, 9314",+1 (942) 566-2921,blue,1,70
146,Felicia Spears,62,"894 Bulwer Place, Greenbackville, Wisconsin, 1833",+1 (936) 456-3323,brown,0,34
147,Osborne Harper,26,"455 Nevins Street, Wakarusa, Virginia, 4784",+1 (920) 526-2999,brown,0,21
148,Baldwin Cotton,51,"563 Indiana Place, Basye, Montana, 2491",+1 (995) 554-3759,brown,1,19
149,Greer Sykes,27,"280 Division Place, Canterwood, Oregon, 8789",+1 (842) 508-2670,blue,0,49
150,Celia Cleveland,25,"794 Vanderbilt Street, Bayview, Illinois, 5853",+1 (920) 405-2872,blue,0,90
151,Rhonda Britt,50,"314 Taaffe Place, Sandston, Georgia, 2727",+1 (978) 473-3153,blue,1,24
152,Suzette Garner,46,"722 Coleman Street, Talpa, Massachusetts, 840",+1 (928) 575-2335,blue,0,35
153,Carr Bender,26,"983 Bartlett Street, Kylertown, Arizona, 9672",+1 (800) 575-2449,brown,1,94
154,Jensen Bowman,63,"453 Elizabeth Place, Jugtown, Delaware, 7294",+1 (947) 510-2615,blue,1,48
155,Sweet Mason,56,"645 Bijou Avenue, Itmann, North Carolina, 2513",+1 (851) 499-3475,brown,0,85
156,Anderson Hopkins,48,"534 Melrose Street, Robinette, Northern Mariana Islands, 5960",+1 (877) 501-2606,brown,1,76
157,Socorro Hooper,27,"204 Glendale Court, Loveland, Vermont, 5387",+1 (867) 559-3516,brown,1,75
158,Merritt Park,51,"836 Tillary Street, Bedias, New Jersey, 9061",+1 (877) 518-2460,blue,1,8
159,Hunter Underwood,21,"560 Vanderbilt Avenue, Sexton, Puerto Rico, 9126",+1 (853) 478-2071,brown,1,6
160,Horton Jordan,58,"766 Schroeders Avenue, Felt, New Hampshire, 9791",+1 (839) 403-2648,blue,1,98
161,Nicholson Harrell,55,"754 Radde Place, Kenmar, Oklahoma, 4529",+1 (907) 510-2374,blue,0,5
162,Patterson Lane,53,"874 Tompkins Avenue, Abiquiu, Alaska, 792",+1 (984) 409-2827,brown,0,24
163,Stacey Davenport,32,"153 Hamilton Avenue, Logan, Missouri, 9702",+1 (871) 559-3944,blue,0,90
164,Bullock Franks,45,"139 Madeline Court, Eagletown, Florida, 3876",+1 (998) 541-2490,brown,0,34
165,Roberta Summers,45,"164 Meeker Avenue, Oceola, Pennsylvania, 8992",+1 (941) 591-3880,blue,1,42
166,Shelia Mercer,54,"101 Homecrest Avenue, Rehrersburg, Iowa, 6787",+1 (886) 598-2286,blue,0,4
167,Ellis Mccormick,58,"959 Sutter Avenue, Echo, Wyoming, 4907",+1 (831) 600-3299,brown,0,70
168,Alberta Blanchard,63,"953 Duffield Street, Suitland, California, 7175",+1 (934) 433-3309,blue,0,45
169,Greta Kerr,24,"741 Wolf Place, Dunnavant, Connecticut, 1554",+1 (973) 458-2461,blue,0,47
170,Travis Hubbard,43,"116 Rewe Street, Kenvil, Nevada, 2325",+1 (937) 505-2504,blue,0,13
171,Rocha Ruiz,31,"102 Decatur Street, Matthews, Ohio, 4988",+1 (991) 527-3408,blue,0,27
172,Sharpe Rowe,30,"851 Beaumont Street, Winston, Texas, 5581",+1 (913) 511-3769,blue,0,92
173,Clemons Fletcher,23,"564 Carlton Avenue, Brule, New Mexico, 7134",+1 (977) 581-2261,blue,0,16
174,Linda Larson,26,"233 Louise Terrace, Elfrida, American Samoa, 802",+1 (856) 571-3250,blue,0,53
175,Gilliam Hayden,40,"455 Coleridge Street, Blende, Guam, 8911",+1 (901) 431-2630,blue,0,58
176,Blevins Whitehead,54,"828 Cornelia Street, Brantleyville, Mississippi, 8044",+1 (879) 580-2534,blue,0,49
177,Amie Fry,65,"807 Duryea Place, Thomasville, Virgin Islands, 8672",+1 (859) 501-3837,blue,1,78
178,Durham Ford,40,"335 Prospect Street, Shaft, Kansas, 2509",+1 (908) 433-2008,brown,0,96
179,Irene Sanders,28,"390 Merit Court, Crucible, Idaho, 4001",+1 (872) 417-3153,blue,0,15
180,Griffith Hunt,23,"490 Hanson Place, Helen, Maryland, 1830",+1 (860) 580-3521,blue,0,22
181,Collier Meadows,58,"439 Applegate Court, Elliott, Michigan, 7011",+1 (952) 413-2763,blue,1,5
182,Spencer Randolph,27,"712 Adler Place, Nicut, Louisiana, 1570",+1 (801) 492-3975,brown,1,90
183,Bartlett Turner,58,"502 Hicks Street, Sutton, District Of Columbia, 6082",+1 (928) 517-3609,blue,0,23
184,Angelica Wynn,63,"259 Bliss Terrace, Roeville, Indiana, 6511",+1 (967) 492-2031,brown,0,41
185,Cleveland Downs,38,"650 Cleveland Street, Reno, Utah, 6085",+1 (914) 563-3592,brown,0,91
186,Glenda Keith,51,"104 Wilson Street, Summerfield, South Carolina, 9196",+1 (884) 457-2836,brown,1,82
187,Britt Alexander,34,"990 Seeley Street, Shepardsville, Minnesota, 3330",+1 (838) 499-2529,blue,1,65
188,Hendrix Barr,44,"369 Schweikerts Walk, Coaldale, North Dakota, 2817",+1 (875) 510-2198,brown,1,38
189,Nieves Quinn,53,"635 Village Court, Bison, New York, 7641",+1 (869) 459-3790,brown,0,81
190,Foreman Mooney,35,"161 Cambridge Place, Neahkahnie, Kentucky, 2797",+1 (952) 543-3913,blue,0,46
191,Lottie Snyder,56,"976 Campus Road, Hiseville, West Virginia, 4839",+1 (809) 490-3497,blue,0,44
192,Hubbard George,21,"433 Columbus Place, Adamstown, Colorado, 5219",+1 (833) 481-2331,blue,0,34
193,Wiley Pitts,58,"986 Broome Street, Taycheedah, Tennessee, 9990",+1 (916) 540-2441,blue,0,86
194,Jenkins Morgan,52,"150 Caton Avenue, Chapin, Arkansas, 3784",+1 (828) 513-3678,brown,1,49
195,Boone Frederick,30,"710 Cass Place, Belva, Maine, 6009",+1 (945) 599-3373,blue,1,73
196,Morrow Watkins,21,"977 Lewis Place, Russellville, South Dakota, 1996",+1 (917) 407-3809,brown,0,81
197,Gale Martinez,20,"163 Rodney Street, Belfair, Washington, 4957",+1 (816) 405-3796,blue,1,11
198,Minnie Dean,32,"847 Franklin Street, Waumandee, Hawaii, 7307",+1 (988) 457-3758,brown,0,38
199,Forbes Mckee,44,"374 Garden Street, Santel, Marshall Islands, 6084",+1 (888) 468-3981,blue,0,31
200,Bates Finch,51,"633 Noble Street, Linganore, Federated States Of Micronesia, 6977",+1 (921) 556-2562,brown,0,83
201,Meghan Maxwell,34,"698 Richardson Street, Terlingua, Palau, 5688",+1 (956) 508-2344,brown,0,33
202,Tabitha Landry,51,"925 Montrose Avenue, Keller, Nebraska, 4293",+1 (968) 528-2013,blue,0,92
203,Marks Miles,56,"383 Brightwater Court, Sanborn, Rhode Island, 8387",+1 (917) 515-3955,blue,0,21
204,Perkins Bond,61,"727 Hart Place, Why, Wisconsin, 3350",+1 (913) 487-3114,blue,1,54
205,Henrietta Mccall,57,"260 Ocean Avenue, Moraida, Virginia, 8876",+1 (976) 456-3549,brown,0,5
206,Sheppard Dudley,25,"926 Dekalb Avenue, Topanga, Montana, 7186",+1 (831) 425-2637,blue,0,96
207,Rice Odom,42,"494 Haring Street, Longoria, Oregon, 3681",+1 (963) 411-2090,brown,1,15
208,Tucker Greer,47,"359 Boynton Place, Lodoga, Illinois, 3034",+1 (912) 597-3348,brown,0,62
209,Melanie Monroe,25,"905 Walker Court, Alleghenyville, Georgia, 1635",+1 (921) 585-2267,brown,0,91
210,Melinda Douglas,47,"807 Grant Avenue, Tilden, Massachusetts, 7646",+1 (872) 467-3242,brown,1,33
211,Denise Schultz,22,"683 Atkins Avenue, Allison, Arizona, 6818",+1 (979) 484-2810,brown,0,44
212,Noble Sellers,23,"623 Mermaid Avenue, Morriston, Delaware, 9689",+1 (990) 460-2772,blue,0,15
213,Browning Weaver,57,"815 Stockholm Street, Allendale, North Carolina, 1744",+1 (951) 434-3469,blue,1,10
214,Amber Love,23,"125 Bayview Place, Shrewsbury, Northern Mariana Islands, 384",+1 (880) 511-2251,blue,1,77
215,Billie Tanner,51,"673 Elmwood Avenue, Winesburg, Vermont, 9632",+1 (883) 540-2945,blue,1,32
216,Mckay Beck,23,"429 Irvington Place, Condon, New Jersey, 6806",+1 (965) 578-3398,blue,1,47
217,Obrien Sandoval,45,"859 Lincoln Avenue, Brazos, Puerto Rico, 1223",+1 (942) 423-3023,brown,1,32
218,Lyons Harmon,31,"418 Townsend Street, Camptown, New Hampshire, 7573",+1 (850) 474-2701,brown,1,79
219,Marisa Simpson,25,"510 Tampa Court, Wiscon, Oklahoma, 2867",+1 (924) 448-3389,brown,0,21
220,Millie Elliott,38,"373 Seigel Court, Goodville, Alaska, 4237",+1 (962) 460-2017,brown,1,43
221,Sharlene Acosta,49,"140 Stillwell Avenue, Beason, Missouri, 9464",+1 (996) 503-3233,brown,0,53
222,Annie Travis,27,"736 Borinquen Pl, Grill, Florida, 3183",+1 (833) 437-3664,blue,1,98
223,Parks Oliver,47,"944 Waldorf Court, Marbury, Pennsylvania, 8439",+1 (982) 482-2346,brown,0,11
224,Colon Cabrera,28,"573 Murdock Court, Volta, Iowa, 8843",+1 (999) 437-2854,brown,0,92
225,Brittney Arnold,38,"210 Love Lane, Welch, Wyoming, 8961",+1 (800) 548-2806,brown,1,8
226,Lowe Alvarez,63,"340 Alton Place, Brethren, California, 2701",+1 (835) 564-3777,blue,0,100
227,Amparo Barrera,53,"691 Blake Avenue, Topaz, Connecticut, 6489",+1 (972) 501-2586,blue,1,68
228,Alicia Williams,64,"294 Lewis Avenue, Disautel, Nevada, 3709",+1 (824) 575-3850,blue,0,86
229,Rebecca Buchanan,61,"286 Mill Road, Trucksville, Ohio, 3837",+1 (863) 567-3438,brown,1,100
230,Hooper Burke,61,"216 Terrace Place, Leyner, Texas, 8996",+1 (978) 460-2811,blue,0,5
231,Cole Solis,57,"718 Lake Place, Wright, New Mexico, 8406",+1 (999) 551-2507,blue,0,22
232,Abigail Gomez,48,"428 Harbor Lane, Mappsville, American Samoa, 7668",+1 (804) 474-2021,brown,1,71
233,Consuelo Foster,51,"400 Barlow Drive, Canoochee, Guam, 5872",+1 (998) 586-2352,brown,1,6
234,Lupe Warner,28,"201 Gerald Court, Belgreen, Mississippi, 8693",+1 (807) 528-3339,brown,1,4
235,Dollie Prince,43,"102 Bartlett Place, Grandview, Virgin Islands, 5367",+1 (810) 452-3194,blue,0,25
236,Hayes Craig,20,"750 Milton Street, Bladensburg, Kansas, 7344",+1 (913) 406-3772,brown,0,36
237,Noreen Huffman,22,"308 Midwood Street, Frizzleburg, Idaho, 4505",+1 (836) 441-3407,brown,1,11
238,Faye Bryan,25,"278 Ridge Boulevard, Blanco, Maryland, 1385",+1 (811) 529-3231,blue,1,71
239,Margie Osborne,32,"776 Bushwick Place, Curtice, Michigan, 7158",+1 (808) 438-3672,brown,0,51
240,Estrada Hines,42,"227 Schenck Court, Cashtown, Louisiana, 3706",+1 (913) 443-3412,blue,1,53
241,Dudley Fischer,22,"545 Folsom Place, Sugartown, District Of Columbia, 2612",+1 (810) 441-3853,blue,0,82
242,Lee Rosa,53,"531 McClancy Place, Cetronia, Indiana, 8080",+1 (834) 547-2257,brown,1,67
243,Elvia Galloway,59,"578 Hausman Street, Blue, Utah, 8846",+1 (802) 561-2435,brown,0,29
244,Meagan Campbell,46,"117 Seacoast Terrace, Foscoe, South Carolina, 8277",+1 (847) 563-2397,blue,0,6
245,Stacie Dennis,23,"504 Greenwood Avenue, Caspar, Minnesota, 5874",+1 (986) 548-3166,brown,1,43
246,Scott Sexton,42,"243 Bridgewater Street, Ribera, North Dakota, 5807",+1 (911) 406-2267,blue,0,63
247,Gay Campos,50,"995 Dooley Street, Como, New York, 3787",+1 (944) 556-2480,blue,1,10
248,Mclean Thomas,44,"266 Oliver Street, Strykersville, Kentucky, 1214",+1 (958) 560-2091,brown,0,19
249,Hardy Cochran,42,"442 Bergen Court, Enoree, West Virginia, 1713",+1 (822) 524-2973,blue,0,46
250,Madden Slater,26,"231 Amity Street, Dale, Colorado, 8644",+1 (825) 586-3630,blue,0,53
251,Mccullough Miller,42,"448 Prince Street, Soham, Tennessee, 3337",+1 (849) 488-2834,brown,0,98
252,Schultz Bowers,61,"354 Pine Street, Summertown, Arkansas, 960",+1 (843) 578-3700,brown,1,66
253,Deena Stephenson,46,"598 Milford Street, Kansas, Maine, 1100",+1 (872) 488-2185,brown,0,6
254,Shepherd Wade,54,"630 Nostrand Avenue, Singer, South Dakota, 8895",+1 (830) 423-2132,blue,1,33
255,Gabriela Holden,25,"117 Neptune Avenue, Dalton, Washington, 5323",+1 (932) 415-3408,brown,0,73
256,Stevenson Pickett,34,"108 Gem Street, Thynedale, Hawaii, 6551",+1 (829) 529-2597,blue,1,55
257,Charlotte Mcintosh,33,"526 Monitor Street, Jessie, Marshall Islands, 3292",+1 (954) 558-2592,blue,1,77
258,Susie Mcgee,46,"211 Furman Street, Ladera, Federated States Of Micronesia, 7579",+1 (931) 594-2324,brown,0,77
259,Zamora Hughes,30,"358 Downing Street, Grazierville, Palau, 9440",+1 (979) 480-3023,brown,1,86
260,Gracie Boyle,26,"309 Fillmore Place, Lacomb, Nebraska, 1070",+1 (932) 401-3643,blue,1,47
261,Karina Waller,50,"355 Dorset Street, Fairfield, Rhode Island, 9091",+1 (827) 436-2588,brown,0,30
262,Beatriz Holder,25,"922 Flatlands Avenue, Cataract, Wisconsin, 9576",+1 (824) 587-3433,blue,0,7
263,Luisa Bell,60,"913 Olive Street, Motley, Virginia, 8896",+1 (886) 594-3901,blue,1,4
264,Sharp Mcdonald,44,"359 Verona Street, Snowville, Montana, 1635",+1 (839) 518-3438,brown,1,43
265,Lang Meyers,41,"144 Clifton Place, Statenville, Oregon, 6966",+1 (855) 535-2009,brown,1,18
266,Morgan Mckay,31,"799 Hendrix Street, Elliston, Illinois, 4607",+1 (938) 474-2040,blue,0,83
267,Jo Vega,38,"277 Lincoln Terrace, Spokane, Georgia, 5317",+1 (975) 549-3010,brown,1,72
268,Camille Gibbs,43,"212 Morgan Avenue, Smeltertown, Massachusetts, 8591",+1 (819) 533-3303,blue,1,23
269,Carpenter Mccoy,59,"259 Lloyd Street, Blackgum, Arizona, 688",+1 (947) 465-2782,blue,1,82
270,Kristina Knapp,38,"402 Bay Street, Rodman, Delaware, 5546",+1 (947) 406-3522,brown,0,93
271,Eleanor Barrett,33,"269 Herkimer Street, Dragoon, North Carolina, 3324",+1 (838) 571-3395,blue,0,5
272,Faith Pope,61,"486 Landis Court, Floris, Northern Mariana Islands, 5191",+1 (857) 401-2686,brown,0,4
273,Isabella Guy,24,"546 Interborough Parkway, Strong, Vermont, 3891",+1 (933) 527-2722,brown,0,45
274,Butler Norton,27,"228 Nolans Lane, Gloucester, New Jersey, 236",+1 (985) 555-3003,blue,1,99
275,Rhoda Lawrence,56,"651 Roosevelt Court, Onton, Puerto Rico, 5300",+1 (940) 448-3586,brown,1,8
276,Livingston Graves,57,"351 Hendrickson Place, Winfred, New Hampshire, 8013",+1 (883) 511-3184,blue,1,13
277,Katie Valdez,64,"980 Maujer Street, Kirk, Oklahoma, 2398",+1 (885) 509-2116,brown,1,97
278,Dorothy Wilson,53,"356 Langham Street, Lund, Alaska, 7276",+1 (807) 444-2275,brown,0,70
279,Mcleod Mcbride,55,"863 Overbaugh Place, Loyalhanna, Missouri, 5956",+1 (833) 477-3020,brown,1,7
280,Lane Chen,44,"136 Hampton Avenue, Hayes, Florida, 5520",+1 (889) 546-2344,blue,0,78
281,Elsa Harrison,47,"124 Auburn Place, Vincent, Pennsylvania, 5469",+1 (849) 438-2544,brown,0,93
282,Gladys Rosales,36,"950 Gain Court, Leland, Iowa, 4889",+1 (854) 576-3385,brown,0,92
283,Margarita Hobbs,51,"957 Kay Court, Clarksburg, Wyoming, 3321",+1 (844) 555-3133,blue,1,28
284,Kelli Grimes,23,"356 Lawrence Avenue, Ronco, California, 5755",+1 (850) 563-2593,blue,1,59
285,Oneal Hester,22,"381 Paerdegat Avenue, Belvoir, Connecticut, 225",+1 (993) 520-3397,blue,1,76
286,Vincent Murphy,54,"803 Empire Boulevard, Faywood, Nevada, 5291",+1 (847) 431-3703,brown,0,19
287,Sue Tyson,43,"353 Stone Avenue, Teasdale, Ohio, 1783",+1 (968) 558-2662,brown,0,2
288,Holman Donaldson,37,"488 Harrison Avenue, Dana, Texas, 2524",+1 (996) 557-3873,blue,0,92
289,Frost Foley,22,"824 Clark Street, Utting, New Mexico, 3994",+1 (987) 436-3916,blue,1,1
290,Andrews Hancock,31,"957 Vanderveer Street, Delshire, American Samoa, 3965",+1 (955) 534-2758,brown,1,52
291,Mathews Chambers,62,"528 Hill Street, Blodgett, Guam, 1073",+1 (985) 516-3209,brown,0,39
292,Jeanie Rogers,45,"266 Gerritsen Avenue, Movico, Mississippi, 3145",+1 (859) 552-3307,brown,0,68
293,Pierce Olson,43,"704 Allen Avenue, Martinsville, Virgin Islands, 709",+1 (904) 456-3795,blue,0,35
294,Herminia Neal,21,"872 Fleet Street, Osage, Kansas, 3316",+1 (810) 528-3244,brown,1,13
295,Angelina Hall,45,"617 Clarkson Avenue, Dellview, Idaho, 2805",+1 (967) 401-2226,brown,0,37
296,Lester Bennett,64,"561 Halleck Street, Remington, Maryland, 5339",+1 (822) 468-3066,blue,0,58
297,Magdalena Castillo,22,"504 Hopkins Street, Sultana, Michigan, 4954",+1 (975) 599-2513,brown,0,48
298,Yesenia Ortega,53,"789 Madison Street, Maxville, Louisiana, 2560",+1 (943) 539-2271,blue,0,6
299,Ester Stein,26,"856 Rock Street, Defiance, District Of Columbia, 7887",+1 (899) 486-2130,brown,0,81
300,Amelia Benjamin,63,"751 Joval Court, Fairhaven, Indiana, 4785",+1 (903) 509-2497,blue,0,99
301,Lacy Little,26,"360 Rockwell Place, Charco, Utah, 7751",+1 (935) 471-2383,blue,0,6
302,Alyce Rosario,43,"584 Varanda Place, Escondida, South Carolina, 209",+1 (956) 451-3131,brown,0,17
303,Kris Ewing,27,"646 Baughman Place, Gorst, Minnesota, 7354",+1 (998) 523-3764,blue,0,49
304,Nikki Shelton,61,"692 Bedford Avenue, Bodega, North Dakota, 3916",+1 (929) 591-3654,blue,0,44
305,Luz Hoover,60,"719 Bogart Street, Bath, New York, 4079",+1 (839) 560-3061,brown,0,90
306,Massey Thompson,37,"812 Micieli Place, Harrison, Kentucky, 7002",+1 (960) 485-3344,blue,1,49
307,Berry Chapman,30,"206 Clinton Avenue, Blanford, West Virginia, 1452",+1 (911) 548-3893,brown,0,59
308,Mcdowell Montoya,51,"115 Cumberland Street, Guthrie, Colorado, 5044",+1 (937) 559-3810,brown,0,25
309,Garcia Lancaster,56,"490 Ira Court, Seymour, Tennessee, 1114",+1 (969) 531-3838,brown,1,50
310,Karen Banks,21,"466 Java Street, Darlington, Arkansas, 8823",+1 (807) 551-2285,blue,0,10
311,Joy Alvarado,48,"426 Commercial Street, Twilight, Maine, 2867",+1 (800) 546-3168,brown,1,98
312,Lourdes Lopez,42,"349 Hoyt Street, Ballico, South Dakota, 6751",+1 (955) 489-2083,brown,0,68
313,Weeks Knox,41,"675 Hinckley Place, Glidden, Washington, 119",+1 (906) 511-3009,brown,1,86
314,Monroe Andrews,56,"273 Bedell Lane, Enetai, Hawaii, 9403",+1 (826) 574-2982,blue,0,95
315,Graham Foreman,45,"987 Boulevard Court, Longbranch, Marshall Islands, 1821",+1 (938) 553-2748,brown,0,27
316,Aguilar Owens,54,"995 Oriental Court, Holtville, Federated States Of Micronesia, 5693",+1 (937) 465-3435,brown,0,35
317,Murphy Jarvis,36,"337 Mill Lane, Montura, Palau, 3748",+1 (804) 448-3716,blue,0,59
318,Della Gentry,61,"617 Aberdeen Street, Oretta, Nebraska, 2603",+1 (867) 555-2374,blue,1,43
319,Bessie Clements,23,"465 Albemarle Road, Marne, Rhode Island, 1972",+1 (924) 574-2931,blue,0,32
320,Knight Sullivan,53,"863 Whitty Lane, Vandiver, Wisconsin, 6345",+1 (811) 467-3716,blue,0,17
321,Milagros Brock,30,"433 Amherst Street, Bourg, Virginia, 3563",+1 (812) 450-2624,blue,1,17
322,Pugh Small,37,"478 Stuart Street, Shawmut, Montana, 9450",+1 (850) 599-3159,brown,0,21
323,Brianna Jackson,35,"545 Glenwood Road, Maybell, Oregon, 5792",+1 (920) 500-2204,brown,1,38
324,Wagner Newton,57,"710 Baycliff Terrace, Newkirk, Illinois, 535",+1 (915) 596-2020,blue,1,42
325,Melisa Manning,35,"971 Miller Place, Konterra, Georgia, 4656",+1 (803) 532-2198,blue,0,91
326,Hammond Hendricks,47,"931 Kane Place, Goochland, Massachusetts, 2760",+1 (825) 425-2459,brown,1,24
327,Stephens Glass,48,"957 Havens Place, Gasquet, Arizona, 9957",+1 (851) 578-2235,brown,0,26
328,Gena Strong,45,"804 Diamond Street, Hatteras, Delaware, 2436",+1 (981) 547-3939,brown,0,12
329,Mitzi Hernandez,64,"389 Ryder Avenue, Biehle, North Carolina, 9832",+1 (909) 402-2106,blue,0,29
330,Graves Chang,41,"657 Foster Avenue, Norfolk, Northern Mariana Islands, 483",+1 (994) 542-3846,blue,1,15
331,Freeman Farmer,33,"207 Navy Walk, Fedora, Vermont, 9302",+1 (853) 476-3748,blue,0,24
332,Hobbs Lang,55,"784 Troy Avenue, Delwood, New Jersey, 1256",+1 (830) 571-2865,brown,1,2
333,Roman Bright,47,"341 Conklin Avenue, Bynum, Puerto Rico, 9329",+1 (937) 505-2961,blue,0,9
334,Woodard Rojas,39,"304 Banker Street, Day, New Hampshire, 4624",+1 (921) 400-3392,brown,1,16
335,Wall Hampton,37,"430 Freeman Street, Bascom, Oklahoma, 9295",+1 (976) 434-3220,blue,0,76
336,Reid Vance,37,"995 Hunts Lane, Wakulla, Alaska, 2370",+1 (825) 413-3300,brown,0,9
337,Tamika Langley,37,"605 Bryant Street, Crown, Missouri, 867",+1 (846) 411-2437,blue,1,78
338,Jannie Williamson,44,"350 Truxton Street, Sehili, Florida, 8969",+1 (842) 591-3493,blue,0,88
339,Corina Vinson,31,"192 Hale Avenue, Woodruff, Pennsylvania, 9206",+1 (969) 489-3327,brown,1,91
340,Alba Trujillo,37,"368 Cheever Place, Eureka, Iowa, 9027",+1 (907) 467-3548,brown,0,15
341,Goldie Bush,24,"865 Victor Road, Bentley, Wyoming, 6877",+1 (890) 440-2955,brown,1,44
342,Velazquez Hammond,42,"618 Burnett Street, Muse, California, 9756",+1 (929) 515-2549,brown,0,78
343,Jacobson Walter,58,"945 Hooper Street, Loma, Connecticut, 1828",+1 (860) 508-3599,blue,0,64
344,Helene Ware,38,"680 Orient Avenue, Celeryville, Nevada, 4641",+1 (847) 444-3826,blue,1,47
345,Mckenzie Fuller,44,"658 Newkirk Placez, Sisquoc, Ohio, 8829",+1 (924) 494-3665,brown,1,25
346,Hatfield Austin,55,"586 Kenmore Terrace, Stewartville, Texas, 2316",+1 (857) 514-3243,brown,1,49
347,Love Castro,21,"874 Batchelder Street, Trona, New Mexico, 8791",+1 (928) 512-3136,brown,0,59
348,Vera Cantrell,65,"980 Dunne Place, Tuskahoma, American Samoa, 6974",+1 (911) 496-2500,blue,0,5
349,Nash Clemons,56,"126 Elton Street, Crenshaw, Guam, 8338",+1 (834) 440-2042,blue,1,84
350,Nina Jenkins,28,"305 Charles Place, Williamson, Mississippi, 6928",+1 (904) 573-3659,brown,0,47
351,Kaufman Joseph,65,"559 Railroad Avenue, Drummond, Virgin Islands, 7662",+1 (954) 438-2882,blue,1,70
352,Lawrence Roberts,61,"589 Gold Street, Carbonville, Kansas, 9387",+1 (917) 504-3270,blue,0,33
353,Pamela Kidd,63,"127 Newton Street, Weedville, Idaho, 9254",+1 (833) 560-3988,blue,0,53
354,Briggs Sears,61,"145 Quincy Street, Newcastle, Maryland, 8136",+1 (911) 469-3441,blue,0,67
355,Manuela Brennan,47,"567 Oak Street, Staples, Michigan, 1343",+1 (895) 500-2590,brown,1,67
356,Bobbie Hardin,51,"742 Everit Street, Wollochet, Louisiana, 7285",+1 (917) 508-2742,brown,1,31
357,Hawkins Gonzales,47,"540 Bath Avenue, Dante, District Of Columbia, 7495",+1 (836) 443-3510,brown,0,96
358,Guerra Briggs,32,"397 Falmouth Street, Orick, Indiana, 3429",+1 (855) 485-3127,blue,0,88
359,Gilmore Gay,34,"491 Dunham Place, Comptche, Utah, 1330",+1 (955) 438-3880,blue,0,17
360,Evangeline Lamb,44,"506 Stryker Court, Joes, South Carolina, 1240",+1 (831) 461-3182,blue,0,82
361,Albert Serrano,28,"363 Holmes Lane, Independence, Minnesota, 9968",+1 (817) 502-3405,blue,1,81
362,Wong Rodriquez,41,"580 Ludlam Place, Elrama, North Dakota, 2368",+1 (851) 433-2664,brown,0,62
363,Herrera Powers,60,"428 Lincoln Road, Waukeenah, New York, 617",+1 (806) 413-3111,blue,0,87
364,Eaton Schneider,54,"195 Hazel Court, Goldfield, Kentucky, 8502",+1 (946) 403-2062,brown,0,96
365,Regina Black,36,"121 Crooke Avenue, Kapowsin, West Virginia, 245",+1 (829) 563-3072,blue,0,19
366,Eve Pennington,27,"385 Jamison Lane, Groveville, Colorado, 8490",+1 (941) 524-3219,blue,0,67
367,Chasity Barnett,53,"680 Highland Place, Cassel, Tennessee, 2071",+1 (809) 464-2628,brown,0,97
368,Dianna Stout,31,"340 Evergreen Avenue, Rockingham, Arkansas, 8604",+1 (966) 438-2548,brown,0,90
369,Jodie Hinton,52,"163 Hornell Loop, Orviston, Maine, 915",+1 (994) 460-2102,brown,0,66
370,Felecia Cote,65,"446 Gilmore Court, Draper, South Dakota, 9675",+1 (832) 424-2438,brown,1,89
371,Webster Bishop,35,"247 Vandervoort Avenue, Elizaville, Washington, 6897",+1 (889) 416-2336,blue,1,76
372,Floyd Carney,62,"283 Seagate Terrace, Thermal, Hawaii, 2316",+1 (985) 479-2834,blue,0,73
373,Maxine Haney,20,"569 Elm Avenue, Foxworth, Marshall Islands, 237",+1 (829) 514-2776,blue,0,78
374,Beard Buckley,38,"449 Linwood Street, Warren, Federated States Of Micronesia, 6141",+1 (806) 593-2592,brown,0,58
375,Jan Mcpherson,65,"743 Cedar Street, Edneyville, Palau, 5029",+1 (927) 491-2105,blue,0,58
376,Dina Decker,27,"292 Oriental Boulevard, Fontanelle, Nebraska, 8748",+1 (927) 565-3209,brown,0,36
377,Alexis Drake,40,"860 Vernon Avenue, Chesapeake, Rhode Island, 7094",+1 (848) 419-2819,blue,0,42
378,Sybil Salinas,45,"117 Colin Place, Springdale, Wisconsin, 5813",+1 (827) 520-2568,brown,0,31
379,Ollie Mendez,33,"178 Kiely Place, Newry, Virginia, 8948",+1 (889) 529-2667,brown,0,78
380,Stella Wagner,45,"144 Cameron Court, Elwood, Montana, 7905",+1 (803) 585-3940,blue,0,9
381,Pitts Sosa,55,"652 Moore Street, Klagetoh, Oregon, 7512",+1 (925) 466-3457,brown,0,21
382,Shelly Koch,53,"457 Ebony Court, Brownsville, Illinois, 1418",+1 (836) 413-2545,brown,1,2
383,Jean Solomon,55,"770 Canarsie Road, Kidder, Georgia, 6571",+1 (812) 501-2038,brown,1,30
384,Freda Aguirre,53,"262 Lester Court, Ferney, Massachusetts, 6499",+1 (913) 460-2830,blue,1,36
385,Edith Good,36,"440 Sandford Street, Faxon, Arizona, 604",+1 (968) 433-2196,brown,0,67
386,Andrea Mcmillan,54,"228 Linden Street, Berlin, Delaware, 2859",+1 (870) 456-2169,blue,0,44
387,Whitley Hart,62,"141 Vanderveer Place, Mapletown, North Carolina, 3330",+1 (949) 598-2560,blue,1,32
388,Summer Bolton,56,"839 Strauss Street, Woodlake, Northern Mariana Islands, 5213",+1 (977) 537-2551,brown,0,27
389,Barnes Sims,38,"724 Seton Place, Lemoyne, Vermont, 9509",+1 (843) 542-2014,blue,1,11
390,Savannah Christensen,33,"179 Jefferson Avenue, Riverton, New Jersey, 694",+1 (901) 485-3789,brown,1,50
391,Nixon Mendoza,48,"179 Karweg Place, Gilmore, Puerto Rico, 8544",+1 (938) 508-2565,blue,0,50
392,Malinda English,63,"882 Wythe Avenue, Sunnyside, New Hampshire, 4573",+1 (861) 595-3499,brown,1,81
393,Aguirre Pierce,36,"245 Imlay Street, Gadsden, Oklahoma, 4538",+1 (844) 487-2804,blue,1,90
394,Kathy Skinner,55,"756 Manhattan Avenue, Southmont, Alaska, 7953",+1 (944) 582-2219,blue,1,89
395,Waters Boyd,44,"403 Prospect Avenue, Dixonville, Missouri, 1987",+1 (916) 522-3737,brown,1,97
396,Jordan Becker,42,"344 Poly Place, Concho, Florida, 8295",+1 (967) 405-3035,brown,0,81
397,Chang Kirby,43,"744 Schermerhorn Street, Riner, Pennsylvania, 5959",+1 (944) 409-3093,blue,0,100
398,Jordan Warren,51,"508 Ditmars Street, Ezel, Iowa, 3884",+1 (917) 518-2718,brown,1,4
399,Faulkner Odonnell,34,"424 Portland Avenue, Greenbush, Wyoming, 9930",+1 (906) 497-2632,brown,1,98
400,Jeannine Hardy,38,"163 Stoddard Place, Enlow, California, 9336",+1 (904) 486-2852,blue,0,89
401,Marsha Stevenson,63,"644 Little Street, Stouchsburg, Connecticut, 6127",+1 (838) 436-2315,blue,1,10
402,Bernadine Maddox,58,"790 Royce Street, Freetown, Nevada, 5665",+1 (921) 503-2190,brown,0,47
403,Rae Atkins,38,"248 Arkansas Drive, Waterford, Ohio, 770",+1 (843) 451-3289,blue,1,62
404,Mcmillan Le,38,"386 Utica Avenue, Rosine, Texas, 8107",+1 (972) 430-2263,blue,0,98
405,Flores Mack,23,"511 Coffey Street, Edenburg, New Mexico, 8475",+1 (985) 449-3143,brown,0,96
406,Conley Castaneda,62,"647 Pulaski Street, Waikele, American Samoa, 694",+1 (901) 520-3433,blue,1,12
407,Mccarty Blake,22,"188 Livonia Avenue, Cobbtown, Guam, 4409",+1 (829) 507-3261,blue,0,55
408,Cherie Howard,38,"633 Vandalia Avenue, Aurora, Mississippi, 4674",+1 (944) 487-2801,brown,1,18
409,Lavonne Terry,36,"779 Herbert Street, Imperial, Virgin Islands, 5283",+1 (836) 442-2392,brown,0,12
410,Dianne Finley,64,"446 Rugby Road, Finderne, Kansas, 872",+1 (969) 503-2712,brown,1,10
411,Paige Morse,30,"735 George Street, Wescosville, Idaho, 718",+1 (833) 518-2545,blue,1,89
412,Nadia Vargas,39,"656 Varet Street, Cecilia, Maryland, 2450",+1 (970) 408-2511,brown,0,72
413,Marina Hull,32,"616 Florence Avenue, Roland, Michigan, 4045",+1 (909) 583-3559,blue,1,39
414,Pearl Carson,42,"665 Ditmas Avenue, Manitou, Louisiana, 3468",+1 (838) 545-2283,brown,0,59
415,Tyler Mays,65,"639 Alice Court, Reinerton, District Of Columbia, 6552",+1 (940) 585-3133,blue,0,95
416,Rodgers Sanford,45,"386 Prospect Place, Tooleville, Indiana, 3320",+1 (975) 497-3792,blue,1,100
417,Sylvia Dodson,54,"351 Harkness Avenue, Lumberton, Utah, 8591",+1 (895) 462-2906,brown,1,95
418,Burton Moses,24,"926 Elm Place, Herbster, South Carolina, 2851",+1 (993) 416-2924,brown,1,13
419,Lauri Jacobson,54,"524 Monroe Place, Benson, Minnesota, 3954",+1 (816) 507-3743,brown,1,75
420,Lenora Richards,27,"718 Conover Street, Broadlands, North Dakota, 3228",+1 (983) 467-3177,blue,1,53
421,Ortiz Lynn,31,"729 Hyman Court, Coleville, New York, 8083",+1 (980) 501-2361,blue,1,18
422,Dana Flowers,49,"179 Pilling Street, Iberia, Kentucky, 1572",+1 (986) 454-2243,brown,1,74
423,Florence Gordon,45,"425 Sedgwick Street, Clara, West Virginia, 342",+1 (877) 471-2496,blue,1,99
424,Jana Murray,26,"749 Douglass Street, Boonville, Colorado, 8044",+1 (978) 519-3237,brown,0,16
425,Christine Walters,39,"308 Etna Street, Glenville, Tennessee, 7782",+1 (820) 557-3528,blue,1,56
426,Earline Kane,25,"753 Main Street, Wilsonia, Arkansas, 9558",+1 (828) 445-3359,brown,1,66
427,Berg Romero,31,"607 Leonard Street, Manila, Maine, 1438",+1 (852) 540-3915,blue,0,93
428,Meredith Ballard,21,"893 Willoughby Street, Calverton, South Dakota, 8680",+1 (993) 427-3635,brown,0,92
429,Dennis Massey,43,"878 Middagh Street, Wells, Washington, 3375",+1 (862) 417-3679,brown,1,60
430,Buchanan Valentine,43,"922 Miller Avenue, Spelter, Hawaii, 7492",+1 (813) 538-2040,brown,0,81
431,Verna Cervantes,27,"741 Argyle Road, Trail, Marshall Islands, 2066",+1 (920) 496-2567,brown,1,63
432,Ross Webster,60,"204 Crescent Street, Bartonsville, Federated States Of Micronesia, 1709",+1 (984) 507-2033,blue,1,91
433,Mclaughlin Ryan,23,"740 Dwight Street, Roberts, Palau, 8694",+1 (890) 406-2506,blue,1,43
434,Gentry Leach,51,"327 Macdougal Street, Mooresburg, Nebraska, 2363",+1 (988) 554-3955,brown,0,80
435,Evans Pearson,32,"641 Hewes Street, Edmund, Rhode Island, 8874",+1 (823) 510-3138,blue,0,82
436,Lorraine Kent,64,"210 Forest Place, Grimsley, Wisconsin, 6387",+1 (929) 490-2069,brown,0,96
437,Mcknight Everett,59,"713 Bayview Avenue, Westmoreland, Virginia, 3037",+1 (999) 464-3065,brown,1,94
438,Fannie Perry,53,"432 Grattan Street, Interlochen, Montana, 5870",+1 (999) 574-2698,brown,1,58
439,Christy Hebert,33,"665 Fenimore Street, Bowie, Oregon, 4712",+1 (983) 562-2096,brown,1,34
440,Huff Mullins,35,"132 Lorimer Street, Carlton, Illinois, 2417",+1 (821) 466-2452,brown,1,13
441,Catherine Larsen,32,"596 Ryder Street, Cuylerville, Georgia, 4497",+1 (855) 477-3678,blue,1,96
442,Karin Berg,42,"244 Vermont Street, Emory, Massachusetts, 2502",+1 (866) 428-2217,blue,1,38
443,Bright England,42,"572 Huron Street, Yogaville, Arizona, 6422",+1 (904) 492-3481,brown,0,9
444,Mildred Parrish,25,"275 Emmons Avenue, Gracey, Delaware, 710",+1 (899) 426-3118,blue,0,34
445,Bird Klein,41,"619 Brooklyn Road, Boyd, North Carolina, 5417",+1 (911) 552-3546,blue,0,24
446,Carolyn Martin,48,"349 Highland Avenue, Stollings, Northern Mariana Islands, 4044",+1 (900) 417-2859,brown,1,49
447,Bush Barry,57,"940 Grand Avenue, Buxton, Vermont, 2449",+1 (947) 541-3750,brown,0,26
448,May Cardenas,47,"348 Hudson Avenue, Homestead, New Jersey, 5094",+1 (926) 526-2850,blue,0,12
449,Tonya Burch,41,"436 Pacific Street, Lowgap, Puerto Rico, 4260",+1 (987) 597-2386,blue,1,58
450,Macdonald Stevens,50,"510 Cypress Court, Roosevelt, New Hampshire, 3966",+1 (821) 551-3070,blue,1,32
451,Jillian Morton,60,"321 Church Lane, Grayhawk, Oklahoma, 9518",+1 (959) 577-3744,brown,1,67
452,Heidi Hudson,38,"190 Coyle Street, Maury, Alaska, 6582",+1 (966) 585-3409,brown,0,20
453,Madeline Pacheco,64,"765 Bank Street, Hegins, Missouri, 8655",+1 (919) 528-2120,brown,0,32
454,Tracie Casey,34,"182 Jodie Court, Saddlebrooke, Florida, 3052",+1 (910) 536-2087,brown,1,46
455,Adkins Guthrie,32,"952 Stillwell Place, Watrous, Pennsylvania, 7620",+1 (925) 452-3797,brown,1,56
456,Bettye Dalton,63,"240 Hampton Place, Weeksville, Iowa, 5768",+1 (916) 564-3710,blue,0,18
457,Bowman Buck,42,"669 Baltic Street, Chical, Wyoming, 9695",+1 (831) 415-3464,blue,1,90
458,Kennedy Head,49,"188 Cove Lane, Roderfield, California, 8548",+1 (891) 444-2114,blue,0,6
459,Holt Burns,43,"910 Union Street, Loomis, Connecticut, 7114",+1 (915) 534-2073,blue,1,65
460,Marguerite Frost,35,"430 Ross Street, Templeton, Nevada, 5153",+1 (920) 429-2185,brown,1,99
461,Nannie Coffey,61,"681 Cook Street, Smock, Ohio, 5937",+1 (983) 587-2537,brown,0,56
462,Alma Curry,54,"465 Dennett Place, Jackpot, Texas, 2759",+1 (825) 487-3655,blue,1,70
463,Le Kelley,54,"494 Taylor Street, Gerber, New Mexico, 9996",+1 (858) 578-2052,brown,1,22
464,Fuentes Perez,42,"764 Clymer Street, Finzel, American Samoa, 3551",+1 (817) 514-2878,blue,1,93
465,Brennan Witt,27,"217 McKibbin Street, Conestoga, Guam, 3237",+1 (900) 407-3168,blue,1,47
466,Whitney Marquez,49,"780 Chester Avenue, Cotopaxi, Mississippi, 1471",+1 (947) 587-3624,brown,0,24
467,Lee Reeves,32,"330 Regent Place, Weogufka, Virgin Islands, 7822",+1 (873) 517-3786,blue,1,35
468,Drake Mullen,54,"357 Crown Street, Derwood, Kansas, 4376",+1 (825) 488-3372,blue,0,88
469,Juarez Perkins,42,"524 Atlantic Avenue, Katonah, Idaho, 9018",+1 (896) 554-3142,brown,0,49
470,Wynn Benton,39,"132 Desmond Court, Boling, Maryland, 1807",+1 (989) 473-3401,brown,0,83
471,Bond Stokes,30,"647 Herkimer Court, Limestone, Michigan, 4325",+1 (895) 435-3302,brown,1,10
472,Ola Bowen,57,"951 Suydam Place, Oley, Louisiana, 2218",+1 (986) 489-3168,brown,0,65
473,Esmeralda Daniels,29,"236 Ridgewood Avenue, Jacksonwald, District Of Columbia, 319",+1 (908) 599-2011,brown,0,18
474,Jones Guzman,22,"575 Pooles Lane, Martell, Indiana, 5935",+1 (987) 493-2376,blue,0,5
475,Neal Gould,49,"640 Virginia Place, Boomer, Utah, 9694",+1 (890) 445-2653,brown,1,8
476,Alyson Figueroa,36,"715 Kenilworth Place, Westerville, South Carolina, 8492",+1 (888) 419-2546,brown,0,55
477,Mann Frye,55,"674 Emerson Place, Westwood, Minnesota, 2171",+1 (816) 511-3458,brown,1,78
478,Harmon Huber,60,"476 Bushwick Avenue, Edgar, North Dakota, 2848",+1 (943) 579-3472,blue,1,60
479,Shields Cash,28,"735 Whitney Avenue, Centerville, New York, 9445",+1 (927) 507-3148,blue,1,30
480,Mcgee Stanley,59,"889 Hillel Place, Caledonia, Kentucky, 9133",+1 (806) 414-3811,brown,0,29
481,Craig Byrd,35,"874 Gatling Place, Vaughn, West Virginia, 6072",+1 (977) 573-3806,brown,0,56
482,Dominique Wise,37,"949 Fair Street, Valle, Colorado, 4561",+1 (876) 408-2279,blue,1,52
483,Blackwell Mcgowan,65,"639 Livingston Street, Fidelis, Tennessee, 627",+1 (991) 556-2822,blue,0,31
484,Knapp Moss,63,"355 Banner Avenue, Gerton, Arkansas, 791",+1 (819) 528-3119,brown,0,7
485,Fitzgerald Sawyer,45,"295 Court Square, Kipp, Maine, 1241",+1 (990) 533-2552,blue,0,14
486,Haynes Suarez,43,"894 College Place, Wolcott, South Dakota, 8448",+1 (953) 540-3062,blue,0,25
487,Hogan Goodwin,65,"304 Sapphire Street, Courtland, Washington, 1129",+1 (968) 583-3171,brown,1,8
488,Bass Hansen,47,"280 Schenck Place, Sardis, Hawaii, 897",+1 (839) 466-2841,brown,1,7
489,Kirsten Gill,34,"214 Eaton Court, Villarreal, Marshall Islands, 9958",+1 (830) 592-3899,brown,0,95
490,Thelma Hays,53,"109 Broadway , Jennings, Federated States Of Micronesia, 8670",+1 (899) 557-3940,brown,1,21
491,Judith Cline,46,"116 Malbone Street, Cliffside, Palau, 4768",+1 (809) 448-2766,brown,1,17
492,Laverne Farley,55,"233 Sheffield Avenue, Snelling, Nebraska, 6082",+1 (923) 403-2154,blue,1,91
493,Britney Riggs,23,"797 Sutton Street, Tecolotito, Rhode Island, 8091",+1 (834) 483-3279,blue,0,67
494,Kirk Bullock,37,"436 Bedford Place, Frank, Wisconsin, 5577",+1 (921) 479-2527,brown,1,98
495,Zimmerman Crosby,64,"960 Coles Street, Roy, Virginia, 8696",+1 (989) 536-3333,blue,0,83
496,Owens Medina,39,"793 Juliana Place, Ironton, Montana, 1952",+1 (899) 540-2406,blue,1,88
497,Burnett Dillard,38,"304 Autumn Avenue, Dahlen, Oregon, 1401",+1 (832) 443-2230,brown,0,29
498,Anastasia Alston,21,"545 Clara Street, Corriganville, Illinois, 8216",+1 (841) 447-3809,blue,0,94
499,Owen Jensen,38,"752 Fairview Place, Sanford, Georgia, 1978",+1 (893) 493-3549,brown,0,15
500,Keri Duran,26,"842 Lincoln Place, Whipholt, Massachusetts, 2846",+1 (962) 553-3706,brown,1,69
501,Montgomery Adams,28,"905 Ash Street, Kanauga, Arizona, 6258",+1 (872) 573-3089,brown,0,29
502,Huffman Freeman,35,"528 Reed Street, Homeland, Delaware, 5861",+1 (887) 433-3633,blue,1,50
503,Glass Pate,56,"499 Herzl Street, Sunwest, North Carolina, 2137",+1 (921) 496-2453,brown,1,35
504,Poole Livingston,49,"890 President Street, Bluffview, Northern Mariana Islands, 8308",+1 (951) 473-2017,blue,1,60
505,Taylor Velez,62,"375 Hastings Street, Aberdeen, Vermont, 9232",+1 (862) 568-3404,brown,0,31
506,Jeanine Hogan,28,"448 Aviation Road, Yonah, New Jersey, 1255",+1 (879) 464-3735,brown,1,81
507,Ewing Horne,56,"165 Mayfair Drive, Orason, Puerto Rico, 2432",+1 (834) 481-2003,brown,0,70
508,Gertrude Marsh,29,"974 Battery Avenue, Vivian, New Hampshire, 3792",+1 (836) 548-2593,brown,1,21
509,Black Cortez,56,"593 Dobbin Street, Castleton, Oklahoma, 8496",+1 (992) 439-2573,blue,1,28
510,Mallory Brown,39,"958 Dumont Avenue, Stockwell, Alaska, 5206",+1 (991) 457-3521,blue,1,93
511,Green Short,42,"760 Gotham Avenue, Clayville, Missouri, 5648",+1 (869) 446-2171,brown,1,82
512,Santos Franco,60,"148 Bushwick Court, Alderpoint, Florida, 1208",+1 (874) 594-2838,brown,0,98
513,Imogene Santiago,48,"297 Schenck Avenue, Moquino, Pennsylvania, 2752",+1 (849) 488-3600,blue,0,93
514,Shelley Chandler,28,"330 Beard Street, Nicholson, Iowa, 3466",+1 (880) 566-2334,brown,1,81
515,Jacquelyn Houston,36,"262 Bethel Loop, Dunlo, Wyoming, 2545",+1 (883) 457-3578,blue,1,18
516,Swanson David,29,"158 Jamaica Avenue, Springhill, California, 5660",+1 (968) 593-2386,brown,0,50
517,Concepcion Munoz,40,"957 Dunne Court, Grantville, Connecticut, 1644",+1 (921) 510-2553,blue,0,16
518,June Faulkner,24,"476 Story Street, Crumpler, Nevada, 9394",+1 (947) 594-2835,blue,1,55
519,Araceli Salas,24,"662 Keap Street, Northchase, Ohio, 8139",+1 (800) 491-3384,blue,1,47
520,Victoria Delaney,37,"856 Sullivan Place, Fruitdale, Texas, 189",+1 (977) 589-3810,brown,0,29
521,Whitaker Mcdaniel,56,"423 Clifford Place, Worcester, New Mexico, 7037",+1 (851) 408-3031,blue,0,46
522,Silva Navarro,22,"135 Miami Court, Rivers, American Samoa, 425",+1 (952) 516-3759,blue,1,12
523,Janine Hill,53,"783 Bond Street, Dawn, Guam, 4835",+1 (951) 524-3473,blue,0,7
524,Koch Gibson,53,"490 Union Avenue, Rockhill, Mississippi, 871",+1 (941) 411-3273,brown,0,64
525,Dodson Sheppard,29,"108 Buffalo Avenue, Nettie, Virgin Islands, 2160",+1 (864) 538-3198,blue,1,61
526,Tracy Bailey,23,"523 Herkimer Place, Snyderville, Kansas, 2647",+1 (981) 552-2933,blue,0,5
527,Beverly Walker,26,"512 Williams Place, Fingerville, Idaho, 4904",+1 (916) 472-2023,brown,1,27
528,Nola Weiss,43,"529 Wyckoff Street, Cornfields, Maryland, 1307",+1 (834) 475-3479,blue,1,18
529,Perry Herman,53,"775 Hull Street, Lutsen, Michigan, 8689",+1 (834) 482-2258,brown,0,10
530,Lillie Glenn,54,"339 Hawthorne Street, Homeworth, Louisiana, 1390",+1 (995) 523-2593,brown,1,51
531,Santiago Baker,43,"108 Homecrest Court, Vale, District Of Columbia, 5021",+1 (821) 486-2419,blue,1,2
532,Josefa Morrow,32,"500 Willow Place, Mathews, Indiana, 1381",+1 (925) 408-3568,blue,1,49
533,Cantrell Huff,45,"769 Schenck Street, Hayden, Utah, 8580",+1 (913) 556-2412,blue,1,68
534,Gutierrez Lindsay,33,"485 Norfolk Street, Mulino, South Carolina, 6187",+1 (918) 404-2664,brown,0,80
535,Mcpherson Torres,41,"869 Oxford Walk, Toftrees, Minnesota, 3224",+1 (985) 400-2664,blue,0,5
536,Eugenia Thornton,60,"382 Jaffray Street, Jacumba, North Dakota, 2900",+1 (893) 415-2067,brown,0,71
537,Flora Gilmore,32,"451 Hancock Street, Gibbsville, New York, 2210",+1 (998) 541-2680,brown,1,62
538,Avis Carter,52,"331 Leonora Court, Tivoli, Kentucky, 8137",+1 (902) 539-2179,blue,0,99
539,Vanessa Nieves,32,"418 Ainslie Street, Idledale, West Virginia, 616",+1 (880) 587-3496,blue,1,64
540,Bette Parker,59,"850 Irving Avenue, Delco, Colorado, 8103",+1 (986) 494-3434,brown,1,65
541,Alisha Blackburn,39,"248 Story Court, Vowinckel, Tennessee, 5598",+1 (879) 404-2282,brown,1,7
542,Hester Estrada,40,"118 Engert Avenue, Stagecoach, Arkansas, 2917",+1 (929) 563-2227,blue,1,14
543,Estes Workman,46,"861 Caton Place, Selma, Maine, 5991",+1 (884) 494-2220,brown,1,68
544,Beverley White,32,"940 Metropolitan Avenue, Alafaya, South Dakota, 4951",+1 (908) 519-3283,brown,1,74
545,Vicky Hartman,39,"121 Seigel Street, Beechmont, Washington, 1660",+1 (833) 496-3309,blue,1,28
546,Cassandra Mcfadden,60,"296 Calder Place, Soudan, Hawaii, 7428",+1 (875) 433-2198,brown,1,39
547,Justine Holt,31,"956 Temple Court, Chloride, Marshall Islands, 4196",+1 (869) 454-3833,brown,0,50
548,Newman Lewis,27,"820 Ferry Place, Kimmell, Federated States Of Micronesia, 9688",+1 (939) 512-3838,brown,0,52
549,Margery Brooks,45,"416 Bleecker Street, Dubois, Palau, 9336",+1 (831) 590-3060,blue,1,99
550,Pansy Frank,51,"572 Fanchon Place, Zeba, Nebraska, 9050",+1 (895) 468-3827,brown,0,6
551,Carlene Dillon,36,"110 Arion Place, Lorraine, Rhode Island, 6032",+1 (867) 411-2221,blue,0,38
552,Salazar Johns,46,"929 Conduit Boulevard, Ivanhoe, Wisconsin, 1069",+1 (831) 458-2289,blue,0,16
553,Summers Carpenter,36,"286 Kingsland Avenue, Dixie, Virginia, 6671",+1 (983) 449-2352,blue,0,59
554,Booker Oneil,34,"764 Fuller Place, Callaghan, Montana, 2686",+1 (821) 503-2618,blue,1,45
555,Valentine Espinoza,64,"502 Monroe Street, Bancroft, Oregon, 6321",+1 (896) 429-2544,blue,1,33
556,Courtney Rocha,42,"398 Kensington Walk, Robinson, Illinois, 300",+1 (955) 445-3695,brown,1,29
557,Blackburn William,33,"697 Riverdale Avenue, Cliff, Georgia, 6786",+1 (846) 479-3214,blue,1,79
558,Chandra Contreras,27,"445 Duryea Court, Forestburg, Massachusetts, 6318",+1 (892) 417-2616,blue,0,33
559,Petty Stewart,53,"885 Billings Place, Welda, Arizona, 8258",+1 (967) 465-3123,blue,0,68
560,Frank Velasquez,62,"442 Gunnison Court, Oneida, Delaware, 4755",+1 (826) 564-2378,brown,1,55
561,Lindsay Moody,57,"344 Winthrop Street, Tetherow, North Carolina, 9273",+1 (924) 432-2228,blue,1,51
562,Hancock Stone,33,"698 Chestnut Street, Silkworth, Northern Mariana Islands, 3687",+1 (924) 495-2380,brown,1,89
563,Delaney Moran,33,"198 Mill Street, Sanders, Vermont, 1829",+1 (812) 456-2500,brown,0,38
564,Finley Wolf,41,"911 Lorraine Street, Shindler, New Jersey, 1218",+1 (914) 546-2951,brown,1,85
565,Stanley Baldwin,51,"731 Berkeley Place, Gila, Puerto Rico, 6262",+1 (884) 592-2215,brown,1,31
566,Mooney Wall,60,"249 Porter Avenue, Convent, New Hampshire, 6013",+1 (923) 570-2897,brown,0,56
567,Peck Reid,62,"625 Bradford Street, Whitehaven, Oklahoma, 5303",+1 (870) 500-3184,brown,0,16
568,Bridgette Chase,27,"472 Ridgecrest Terrace, Harleigh, Alaska, 2292",+1 (994) 457-2199,brown,1,98
569,Alana Guerrero,27,"139 Richmond Street, Wadsworth, Missouri, 9509",+1 (958) 549-2346,brown,1,22
570,Casey Crawford,36,"451 Bristol Street, Joppa, Florida, 2698",+1 (889) 401-2889,brown,1,69
571,Reyes Vasquez,28,"307 Dahl Court, Morgandale, Pennsylvania, 4124",+1 (874) 507-2895,blue,1,100
572,Ashley Stark,43,"902 Irwin Street, Hollymead, Iowa, 8519",+1 (873) 598-2326,blue,1,94
573,Cox Levine,60,"279 Croton Loop, Garnet, Wyoming, 2012",+1 (810) 411-3437,blue,0,88
574,Dillard Mills,27,"863 Crawford Avenue, Thornport, California, 7880",+1 (866) 559-3558,brown,0,26
575,Kay Santana,41,"206 Albany Avenue, Avoca, Connecticut, 6854",+1 (938) 441-2903,brown,0,51
576,Dean Delgado,59,"903 Hemlock Street, Summerset, Nevada, 3244",+1 (897) 540-3587,blue,0,35
577,Little Rasmussen,47,"672 Williams Court, Bagtown, Ohio, 4244",+1 (880) 507-2941,blue,0,81
578,Olivia Leblanc,55,"521 Harden Street, Omar, Texas, 9749",+1 (965) 466-2417,brown,0,20
579,Lena Lucas,29,"488 Aitken Place, Tioga, New Mexico, 4027",+1 (892) 448-2922,blue,0,31
580,Luna Rodgers,56,"430 Frank Court, Camino, American Samoa, 2134",+1 (889) 544-3275,blue,1,1
581,Dominguez Hanson,60,"397 Martense Street, Accoville, Guam, 7830",+1 (908) 472-2584,blue,1,59
582,Janet Atkinson,62,"682 Front Street, Keyport, Mississippi, 3330",+1 (913) 453-3288,blue,0,73
583,Pope Richard,58,"706 Greenpoint Avenue, Wilmington, Virgin Islands, 6155",+1 (924) 424-2825,brown,0,69
584,Corrine Nicholson,32,"910 Howard Place, Wanship, Kansas, 5600",+1 (905) 401-2945,blue,0,84
585,Franklin Mcmahon,51,"851 Cobek Court, Madaket, Idaho, 1379",+1 (975) 443-3431,brown,0,50
586,Cristina Diaz,21,"694 Dewitt Avenue, Efland, Maryland, 5830",+1 (981) 422-3077,brown,1,41
587,Audrey Griffith,21,"707 Cozine Avenue, Sterling, Michigan, 1307",+1 (805) 564-3721,brown,0,18
588,Lessie Cameron,40,"667 Thomas Street, Fulford, Louisiana, 4222",+1 (962) 416-3808,brown,1,54
589,Garrison Carey,46,"363 Turnbull Avenue, Chase, District Of Columbia, 8739",+1 (816) 436-3280,blue,0,24
590,Charles Oneal,32,"212 Ridgewood Place, Gratton, Indiana, 2565",+1 (851) 529-2314,brown,0,50
591,Susan Roberson,53,"389 Friel Place, Holcombe, Utah, 2102",+1 (839) 545-3054,blue,1,78
592,Dalton Henry,27,"451 Myrtle Avenue, Robbins, South Carolina, 1638",+1 (859) 518-3994,brown,0,53
593,Quinn Patterson,35,"877 Liberty Avenue, Retsof, Minnesota, 3123",+1 (809) 431-3282,brown,0,9
594,Cash Irwin,41,"835 Bergen Street, Odessa, North Dakota, 1310",+1 (964) 442-2706,blue,0,73
595,Dorthy Simmons,49,"130 Fay Court, Mayfair, New York, 4184",+1 (972) 529-3994,brown,0,59
596,Salas Norris,36,"570 Lawn Court, Hoehne, Kentucky, 347",+1 (983) 574-3746,blue,0,27
597,Dolores Stafford,24,"977 Rogers Avenue, Franklin, West Virginia, 8892",+1 (944) 437-3816,brown,0,69
598,Virgie Goodman,21,"296 Butler Place, Urie, Colorado, 3101",+1 (854) 415-2336,blue,0,50
599,Beulah Guerra,23,"656 Kent Street, Neibert, Tennessee, 9653",+1 (807) 464-2483,blue,0,31
600,Mejia Carrillo,48,"557 Cox Place, Epworth, Arkansas, 9981",+1 (813) 557-3678,blue,0,5
601,Effie Richardson,46,"652 Montauk Court, Kersey, Maine, 6291",+1 (908) 502-3174,blue,1,76
602,Klein Rose,40,"555 Lott Avenue, Biddle, South Dakota, 667",+1 (902) 555-2877,blue,1,62
603,Dickerson May,61,"305 Barbey Street, Mansfield, Washington, 8382",+1 (846) 575-3117,blue,1,93
604,Battle Watts,36,"464 Tudor Terrace, Bartley, Hawaii, 1653",+1 (950) 556-2373,blue,0,13
605,Banks Burks,58,"263 Waldane Court, Driftwood, Marshall Islands, 3211",+1 (828) 400-2757,blue,1,26
606,Calderon Chavez,26,"252 Bragg Street, Wacissa, Federated States Of Micronesia, 8052",+1 (908) 438-2917,blue,1,13
607,Knox Humphrey,33,"184 Clove Road, Brogan, Palau, 3216",+1 (990) 402-2343,brown,1,49
608,Jefferson Meyer,63,"815 Bergen Place, Chamizal, Nebraska, 4222",+1 (996) 539-2213,brown,1,66
609,Strickland Gonzalez,62,"379 Jewel Street, Leola, Rhode Island, 3178",+1 (876) 432-3550,blue,0,40
610,Frazier Caldwell,50,"950 Gaylord Drive, Cressey, Wisconsin, 8490",+1 (910) 414-3721,brown,1,72
611,Armstrong Shaffer,56,"864 Agate Court, Troy, Virginia, 7312",+1 (858) 455-3797,brown,1,55
612,Mollie Craft,27,"639 Kosciusko Street, Venice, Montana, 1400",+1 (868) 596-2372,blue,1,58
613,Alyssa Ray,28,"801 Poplar Avenue, Clinton, Oregon, 9301",+1 (970) 600-3209,blue,1,89
614,Page Hatfield,21,"895 Troutman Street, Harmon, Illinois, 700",+1 (878) 425-2021,brown,1,88
615,Burgess Ashley,46,"105 Garfield Place, Hessville, Georgia, 6723",+1 (802) 448-2078,blue,1,36
616,Marquez Phillips,34,"185 Cooper Street, Beyerville, Massachusetts, 5737",+1 (943) 540-3876,blue,1,12
617,Henson Barlow,43,"704 Woodpoint Road, Saranap, Arizona, 8876",+1 (834) 521-2235,blue,1,36
618,Christian Ingram,61,"810 Bassett Avenue, Coloma, Delaware, 9905",+1 (992) 400-3144,brown,1,14
619,Patsy Wilkinson,47,"130 Wythe Place, Veyo, North Carolina, 2856",+1 (840) 551-2329,blue,0,89
620,Enid Calhoun,49,"422 Lafayette Walk, Datil, Northern Mariana Islands, 7814",+1 (956) 570-2610,blue,0,63
621,Guadalupe Kaufman,53,"965 Beayer Place, Brewster, Vermont, 6485",+1 (872) 413-2599,brown,0,61
622,Addie Calderon,55,"562 Pioneer Street, Marienthal, New Jersey, 716",+1 (823) 470-2761,brown,0,26
623,Fowler Blevins,59,"496 Pierrepont Place, Stockdale, Puerto Rico, 9856",+1 (933) 447-2320,brown,1,52
624,Simone Nixon,29,"182 Boerum Place, Irwin, New Hampshire, 9851",+1 (990) 590-3807,brown,1,69
625,Priscilla Willis,50,"153 Albemarle Terrace, Somerset, Oklahoma, 3477",+1 (953) 441-2328,blue,1,16
626,Underwood Trevino,22,"691 Dikeman Street, Davenport, Alaska, 3219",+1 (884) 577-3699,brown,0,96
627,Yates Reyes,55,"958 Montague Terrace, Cavalero, Missouri, 7647",+1 (891) 579-2635,blue,1,41
628,Ballard Harris,53,"667 Seagate Avenue, Colton, Florida, 6129",+1 (937) 446-2394,brown,0,23
629,Lakisha Howe,22,"614 Logan Street, Cloverdale, Pennsylvania, 3930",+1 (913) 508-2594,brown,0,89
630,Levine Gutierrez,44,"553 Remsen Street, Layhill, Iowa, 1985",+1 (913) 491-3534,blue,1,25
631,Jennifer Best,51,"650 Chester Street, Bentonville, Wyoming, 723",+1 (887) 455-3622,brown,0,21
632,Jayne Ayers,41,"537 Lawrence Street, Torboy, California, 7210",+1 (927) 568-3992,blue,0,16
633,Pearlie Powell,34,"116 Clinton Street, Grenelefe, Connecticut, 5418",+1 (858) 467-3620,blue,1,41
634,Trina Bryant,55,"970 Kingsway Place, Kent, Nevada, 2479",+1 (810) 586-3921,brown,0,72
635,Bethany Nunez,58,"440 Post Court, Johnsonburg, Ohio, 9119",+1 (982) 452-3365,brown,1,43
636,Beatrice Franklin,34,"659 Gardner Avenue, Oberlin, Texas, 7183",+1 (913) 527-2956,brown,0,64
637,Althea Cain,35,"205 Hendrickson Street, Navarre, New Mexico, 5272",+1 (803) 570-2454,brown,0,80
638,Sampson Osborn,43,"490 Kings Hwy, Darbydale, American Samoa, 8656",+1 (881) 457-2746,blue,1,89
639,Gomez Butler,52,"631 Throop Avenue, Dunbar, Guam, 7469",+1 (961) 504-2654,blue,0,63
640,Cecelia Hodges,43,"802 Ingraham Street, Monument, Mississippi, 4441",+1 (994) 524-3424,brown,0,18
641,Ana Wilkins,51,"894 Tehama Street, Urbana, Virgin Islands, 3323",+1 (897) 496-2673,blue,1,60
642,Elena Cummings,49,"966 Newport Street, Coral, Kansas, 1233",+1 (969) 424-3805,brown,0,53
643,Baxter Levy,57,"120 Montauk Avenue, Columbus, Idaho, 4133",+1 (803) 516-2776,brown,1,11
644,Laurel Mcintyre,48,"512 Kimball Street, Nash, Maryland, 7258",+1 (933) 485-2622,brown,0,8
645,Flowers Armstrong,48,"814 Cyrus Avenue, Unionville, Michigan, 3854",+1 (817) 513-3652,brown,0,24
646,Serrano Lindsey,57,"694 Bancroft Place, Carrsville, Louisiana, 3899",+1 (962) 442-3648,brown,0,19
647,Velez Ellis,54,"764 Lois Avenue, Williston, District Of Columbia, 2967",+1 (973) 514-2197,blue,1,68
648,Kidd Henson,25,"808 Hart Street, Gwynn, Indiana, 1224",+1 (967) 559-2206,blue,1,27
649,Alvarez Lawson,56,"822 Green Street, Harold, Utah, 6807",+1 (993) 546-3697,brown,1,96
650,Downs Roth,20,"659 Saratoga Avenue, Forbestown, South Carolina, 145",+1 (868) 560-2666,blue,0,50
651,Edwards Nelson,36,"107 Kathleen Court, Woodburn, Minnesota, 6741",+1 (968) 570-3507,brown,0,38
652,Griffin Blankenship,32,"637 Eckford Street, Deltaville, North Dakota, 109",+1 (947) 432-3886,blue,0,8
653,Lillian Ortiz,30,"944 Windsor Place, Kingstowne, New York, 7762",+1 (813) 559-3056,brown,1,78
654,Thornton Noble,53,"295 Kermit Place, Matheny, Kentucky, 7706",+1 (919) 588-2306,blue,1,38
655,Esther Benson,56,"357 Howard Avenue, Cleary, West Virginia, 2702",+1 (842) 404-3911,brown,1,55
656,Dee Coleman,53,"939 Rost Place, Dorneyville, Colorado, 6604",+1 (953) 476-2804,brown,1,78
657,Meyer Pittman,20,"285 Corbin Place, Berwind, Tennessee, 1923",+1 (911) 479-3996,blue,1,9
658,Paula Harding,48,"749 National Drive, Calpine, Arkansas, 3288",+1 (862) 516-2552,brown,1,26
659,Mandy Gamble,52,"215 Joralemon Street, Crayne, Maine, 722",+1 (918) 441-2386,blue,1,79
660,Rebekah Cherry,22,"831 Scholes Street, Umapine, South Dakota, 7285",+1 (863) 421-3380,brown,1,23
661,Head Ferguson,26,"615 Anna Court, Websterville, Washington, 3412",+1 (987) 562-2182,brown,1,90
662,Maggie Wilkerson,37,"606 Gerry Street, Slovan, Hawaii, 7811",+1 (919) 463-2368,brown,1,74
663,Reva Gregory,63,"543 Garnet Street, Glendale, Marshall Islands, 636",+1 (817) 547-3242,brown,1,52
664,Dionne Marks,23,"100 Rose Street, Rivereno, Federated States Of Micronesia, 5225",+1 (865) 486-3044,brown,1,36
665,Virginia Hess,31,"137 Ryerson Street, Juntura, Palau, 6736",+1 (902) 403-3074,blue,0,60
666,Coleen Cantu,20,"817 Jackson Street, Dennard, Nebraska, 3855",+1 (916) 589-3211,brown,1,29
667,Teri Abbott,29,"932 Noel Avenue, Chilton, Rhode Island, 5296",+1 (850) 548-2290,brown,1,16
668,Riddle Day,47,"432 Seabring Street, Sattley, Wisconsin, 7770",+1 (913) 541-2344,blue,1,70
669,Fischer Shaw,44,"960 Jardine Place, Herald, Virginia, 4201",+1 (982) 506-2338,blue,0,21
670,Boyer Raymond,20,"326 Times Placez, Cumminsville, Montana, 2703",+1 (867) 458-3241,brown,0,1
671,Cooper Rivas,63,"595 Highlawn Avenue, Greensburg, Oregon, 9062",+1 (893) 580-2674,brown,0,79
672,Mona Merrill,52,"976 Ferris Street, Caroline, Illinois, 5942",+1 (808) 435-3176,brown,1,81
673,Katharine Frazier,49,"129 Jackson Place, Stewart, Georgia, 9667",+1 (909) 526-2150,blue,1,23
674,Tracey Fitzgerald,34,"777 Kingston Avenue, Southview, Massachusetts, 7482",+1 (917) 512-2940,brown,0,36
675,Nicole Stuart,37,"915 Roder Avenue, Brookfield, Arizona, 935",+1 (937) 431-2439,blue,1,19
676,Mills Fulton,47,"524 Neptune Court, Dodge, Delaware, 5001",+1 (900) 509-3746,brown,1,35
677,Villarreal Shields,34,"608 Roebling Street, Gardiner, North Carolina, 1568",+1 (846) 487-3695,brown,1,30
678,Dale Graham,25,"502 Ashland Place, Morningside, Northern Mariana Islands, 2759",+1 (974) 507-2399,blue,1,70
679,Rowland Mccray,23,"447 Plaza Street, Breinigsville, Vermont, 5162",+1 (810) 505-3071,blue,0,91
680,Yang Hensley,47,"678 Bush Street, Drytown, New Jersey, 7994",+1 (873) 449-3171,blue,0,25
681,Ingram Rodriguez,52,"416 Tapscott Street, Westphalia, Puerto Rico, 8501",+1 (948) 493-3814,brown,0,54
682,Sonja Wiley,44,"171 Oceanic Avenue, Dyckesville, New Hampshire, 321",+1 (891) 506-3219,blue,1,19
683,Brooke Heath,61,"814 Monument Walk, Hannasville, Oklahoma, 8987",+1 (909) 512-2655,brown,0,64
684,Mia Green,21,"211 Bouck Court, Turah, Alaska, 3112",+1 (946) 433-3883,blue,1,28
685,Shirley Ward,31,"185 Hubbard Street, Grahamtown, Missouri, 4381",+1 (875) 442-2123,brown,0,79
686,Stevens Key,49,"979 Stewart Street, Cucumber, Florida, 7675",+1 (838) 527-2386,blue,0,65
687,Mcguire Hale,31,"218 Bainbridge Street, Duryea, Pennsylvania, 7908",+1 (892) 464-3760,blue,0,18
688,Lydia Norman,50,"920 Delmonico Place, Richmond, Iowa, 4491",+1 (872) 533-2011,blue,1,48
689,Moore Knight,60,"473 Marconi Place, Titanic, Wyoming, 8294",+1 (849) 478-3272,blue,0,44
690,Genevieve Golden,21,"777 Russell Street, Savage, California, 5768",+1 (989) 461-3642,brown,0,82
691,Judy Petersen,35,"232 Alabama Avenue, Worton, Connecticut, 2527",+1 (900) 536-3163,brown,0,71
692,Langley Reese,35,"781 Woods Place, Thatcher, Nevada, 7601",+1 (970) 526-2085,blue,0,48
693,Wooten Oconnor,60,"102 Evans Street, Haring, Ohio, 9302",+1 (909) 474-2980,blue,1,19
694,Letitia Colon,62,"314 Church Avenue, Marion, Texas, 7177",+1 (810) 576-2322,brown,0,86
695,Maryann Rush,43,"983 Cadman Plaza, Munjor, New Mexico, 5834",+1 (895) 449-2535,blue,1,69
696,Joseph French,24,"309 Dewey Place, Wildwood, American Samoa, 7737",+1 (801) 507-2301,blue,0,38
697,Sandoval Leonard,61,"371 Wyona Street, Belleview, Guam, 350",+1 (913) 441-2506,blue,0,63
698,Donna Sloan,26,"540 Lee Avenue, Alden, Mississippi, 4570",+1 (806) 555-2113,brown,1,32
699,Young Patel,32,"704 Fiske Place, Norvelt, Virgin Islands, 2002",+1 (993) 556-3214,brown,0,63
700,Tillman Battle,29,"738 Adams Street, Ebro, Kansas, 6689",+1 (972) 404-3045,brown,0,37
701,Vaughan Gallagher,50,"573 Gunther Place, Rosewood, Idaho, 982",+1 (882) 493-3974,blue,1,73
702,Georgina Brady,54,"579 Carroll Street, Leming, Maryland, 1841",+1 (869) 533-2224,brown,1,47
703,Lolita Walls,20,"276 Doscher Street, Blairstown, Michigan, 4862",+1 (979) 486-2955,brown,1,2
704,Maryellen Holloway,36,"827 Manhattan Court, Rossmore, Louisiana, 7736",+1 (823) 515-2434,brown,0,80
705,Michelle Woodward,33,"386 Seba Avenue, Lowell, District Of Columbia, 3514",+1 (807) 566-2690,blue,1,11
706,Viola Nash,27,"226 Dekoven Court, Wanamie, Indiana, 1330",+1 (955) 439-2549,blue,0,60
707,Carol Collins,54,"195 Exeter Street, Coinjock, Utah, 4956",+1 (930) 486-2767,blue,1,58
708,Stein Stanton,50,"553 Raleigh Place, Hiwasse, South Carolina, 1515",+1 (846) 420-2715,blue,0,46
709,Lancaster Fields,41,"714 Stryker Street, Caberfae, Minnesota, 1934",+1 (852) 442-2164,brown,1,46
710,Rowena Gallegos,61,"423 Kane Street, Idamay, North Dakota, 6737",+1 (927) 452-2133,blue,0,44
711,Maura Morris,35,"541 Eldert Street, Deercroft, New York, 4527",+1 (822) 562-2232,brown,0,53
712,Latonya Wells,39,"340 Sullivan Street, Magnolia, Kentucky, 8220",+1 (963) 463-3802,blue,0,48
713,Jacobs Villarreal,64,"820 Cortelyou Road, Elbert, West Virginia, 9714",+1 (811) 579-2284,blue,0,27
714,Solomon Cooke,51,"340 Granite Street, Cazadero, Colorado, 1597",+1 (844) 460-3877,blue,1,1
715,Leonard Dotson,40,"527 Tilden Avenue, Murillo, Tennessee, 5903",+1 (972) 406-2283,brown,1,84
716,Violet Johnson,62,"312 Elliott Place, Ilchester, Arkansas, 6621",+1 (936) 547-3705,brown,1,17
717,Willie Horn,55,"843 Tiffany Place, Rew, Maine, 3684",+1 (866) 556-2768,blue,1,40
718,Lizzie Dixon,35,"459 Fleet Place, Valmy, South Dakota, 2056",+1 (923) 435-2607,blue,0,84
719,Davenport Jimenez,39,"869 Clarendon Road, Freelandville, Washington, 1889",+1 (877) 581-3556,brown,0,97
720,Rivas Woods,50,"312 Dinsmore Place, Sunriver, Hawaii, 5969",+1 (989) 423-2924,blue,1,86
721,Saundra Snider,61,"275 School Lane, Hall, Marshall Islands, 4116",+1 (907) 555-3238,brown,0,82
722,Burch Singleton,24,"737 Visitation Place, Geyserville, Federated States Of Micronesia, 4169",+1 (896) 486-3728,brown,0,72
723,Elinor Wiggins,41,"625 Oxford Street, Rosedale, Palau, 6678",+1 (906) 541-3699,brown,0,48
724,Lila Gray,21,"477 Amersfort Place, Rivera, Nebraska, 2569",+1 (883) 414-3615,brown,1,96
725,Booth Haynes,46,"162 Bayard Street, Devon, Rhode Island, 792",+1 (950) 435-2849,blue,0,3
726,Lakeisha Noel,42,"696 Canal Avenue, Sedley, Wisconsin, 8014",+1 (824) 495-3334,brown,0,3
727,Farmer Watson,52,"580 Lacon Court, Cowiche, Virginia, 3347",+1 (970) 545-2818,brown,1,51
728,Burke Puckett,31,"885 Hamilton Walk, Lindisfarne, Montana, 3687",+1 (917) 446-3879,blue,1,53
729,Latasha Sampson,47,"138 Furman Avenue, Masthope, Oregon, 5527",+1 (924) 571-3688,brown,0,46
730,Rosanne Dunlap,40,"466 Lott Place, Chemung, Illinois, 7531",+1 (925) 410-2112,blue,1,97
731,Neva Cannon,35,"690 Sackett Street, Albany, Georgia, 5883",+1 (901) 402-3696,brown,0,69
732,Edna Nguyen,30,"987 Goodwin Place, Hailesboro, Massachusetts, 1148",+1 (993) 589-3121,brown,0,4
733,Valeria Estes,37,"527 Malta Street, Ventress, Arizona, 1361",+1 (964) 510-2250,brown,1,17
734,Bailey Baxter,47,"812 Willmohr Street, Yorklyn, Delaware, 6703",+1 (960) 486-3812,blue,0,28
735,Giles Fox,62,"692 Suydam Street, Adelino, North Carolina, 3254",+1 (939) 577-2563,blue,1,65
736,Hodge Potter,53,"744 Harbor Court, Gardners, Northern Mariana Islands, 2864",+1 (861) 520-3019,blue,1,41
737,Lilian Hyde,60,"107 Willow Street, Hendersonville, Vermont, 7130",+1 (972) 419-2229,blue,1,61
738,Horn West,61,"561 Powers Street, Hilltop, New Jersey, 9019",+1 (949) 465-2594,brown,0,82
739,Deloris Melton,27,"340 Johnson Street, Belmont, Puerto Rico, 9421",+1 (816) 438-3311,brown,1,37
740,Howe Floyd,46,"875 Pineapple Street, Tibbie, New Hampshire, 5505",+1 (835) 461-3943,brown,0,27
741,Peggy Robertson,62,"710 Drew Street, Wawona, Oklahoma, 1418",+1 (821) 470-2484,brown,1,85
742,Aline Pratt,41,"586 Dare Court, Conway, Alaska, 3165",+1 (926) 471-2189,brown,0,81
743,Mae Ayala,42,"688 Irving Place, Flintville, Missouri, 8943",+1 (868) 595-3593,blue,0,67
744,Allison Price,21,"881 Channel Avenue, Bethpage, Florida, 6080",+1 (927) 455-3314,blue,0,100
745,Carver Ellison,54,"722 Jerome Street, Brooktrails, Pennsylvania, 1869",+1 (869) 569-3035,blue,0,43
746,Georgette Moon,29,"846 Colonial Road, Gibsonia, Iowa, 7312",+1 (855) 440-3280,blue,0,48
747,Robbie Robbins,63,"619 Bokee Court, Croom, Wyoming, 2668",+1 (907) 593-3740,brown,1,92
748,Estelle Shepherd,47,"442 Hunterfly Place, Hasty, California, 3660",+1 (889) 411-2546,blue,1,26
749,Hensley Myers,20,"926 Commerce Street, Riegelwood, Connecticut, 6826",+1 (879) 485-3162,blue,1,32
750,Morgan Flores,37,"198 Rockaway Avenue, Macdona, Nevada, 5712",+1 (943) 573-2926,brown,1,91
751,Odessa Owen,44,"901 Heyward Street, Corinne, Ohio, 1879",+1 (815) 566-2440,brown,1,91
752,Joni Peck,64,"198 Beadel Street, Ticonderoga, Texas, 3978",+1 (844) 540-3858,blue,1,92
753,Margret Sherman,50,"305 Gelston Avenue, Advance, New Mexico, 6244",+1 (813) 411-2787,brown,0,47
754,Hallie Booker,29,"313 Louisa Street, Dotsero, American Samoa, 3541",+1 (985) 542-3272,brown,0,49
755,Caroline Holmes,30,"323 Turner Place, Oasis, Guam, 9372",+1 (849) 478-3832,blue,0,70
756,Soto Washington,42,"114 Grove Street, Babb, Mississippi, 6694",+1 (922) 546-2562,blue,1,38
757,Gretchen Hopper,39,"751 Village Road, Lynn, Virgin Islands, 9933",+1 (927) 409-3080,blue,1,28
758,Ashlee Weeks,51,"547 Montieth Street, Frystown, Kansas, 8940",+1 (968) 475-3453,blue,1,55
759,Josefina Beard,32,"959 Brown Street, Washington, Idaho, 6549",+1 (829) 408-2979,blue,0,80
760,Potter Madden,37,"361 Fane Court, Klondike, Maryland, 7859",+1 (915) 578-2375,blue,0,91
761,Ophelia Mccarthy,35,"619 Lawton Street, Choctaw, Michigan, 3455",+1 (890) 512-3152,brown,0,88
762,Cooke Carlson,56,"642 Senator Street, Roulette, Louisiana, 8744",+1 (963) 540-3586,blue,1,33
763,Vicki Joyner,39,"764 Adelphi Street, Waterloo, District Of Columbia, 2240",+1 (965) 453-3206,blue,0,64
764,Briana Carver,28,"803 Hutchinson Court, Salix, Indiana, 1837",+1 (855) 457-2965,brown,1,57
765,Oconnor Fisher,27,"214 Lake Avenue, Hondah, Utah, 2942",+1 (847) 531-3667,brown,0,97
766,Deanna Francis,63,"347 Ocean Court, Yettem, South Carolina, 525",+1 (871) 411-2077,blue,0,83
767,Reilly Conrad,47,"485 Montgomery Place, Needmore, Minnesota, 1359",+1 (883) 458-2918,blue,0,56
768,Bauer Mckinney,62,"431 Wakeman Place, Bawcomville, North Dakota, 494",+1 (827) 544-3284,blue,0,76
769,Merrill Snow,60,"983 Forbell Street, Fresno, New York, 3522",+1 (839) 421-3117,blue,0,51
770,Christi Sweeney,56,"404 Gallatin Place, National, Kentucky, 7375",+1 (970) 426-3232,brown,1,6
771,Karla Higgins,41,"463 Glen Street, Golconda, West Virginia, 6049",+1 (833) 458-3253,brown,1,92
772,Henry Saunders,49,"847 Wortman Avenue, Englevale, Colorado, 6659",+1 (801) 484-2254,brown,0,80
773,Terrell Boyer,27,"198 Perry Place, Kraemer, Tennessee, 4210",+1 (914) 474-3039,blue,0,81
774,Lilly Cohen,38,"361 Forrest Street, Norwood, Arkansas, 9560",+1 (984) 482-2866,blue,1,68
775,Ferrell Avila,30,"488 Box Street, Lupton, Maine, 7972",+1 (807) 520-2984,blue,0,24
776,Diaz Bartlett,32,"579 Otsego Street, Alfarata, South Dakota, 5541",+1 (800) 585-3353,blue,0,37
777,Wilder Ramirez,38,"802 Madison Place, Cutter, Washington, 8309",+1 (961) 529-3482,brown,0,31
778,Houston Woodard,37,"534 Bridge Street, Riviera, Hawaii, 4321",+1 (889) 575-3750,brown,0,24
779,Haney Wright,22,"373 Bowery Street, Eastmont, Marshall Islands, 2122",+1 (950) 532-3936,blue,0,29
780,Padilla Reed,24,"401 Lynch Street, Avalon, Federated States Of Micronesia, 9952",+1 (808) 512-2849,blue,1,77
781,Louisa Mclean,49,"290 Balfour Place, Harrodsburg, Palau, 2962",+1 (829) 416-2454,brown,0,44
782,Hutchinson Delacruz,36,"235 Highland Boulevard, Otranto, Nebraska, 7786",+1 (934) 450-3126,brown,0,49
783,Chris Morales,26,"277 Preston Court, Garberville, Rhode Island, 9648",+1 (847) 598-3539,brown,1,46
784,Myrtle Lee,62,"125 Christopher Avenue, Byrnedale, Wisconsin, 6047",+1 (881) 548-2924,brown,1,54
785,English Nolan,60,"510 Orange Street, Fairmount, Virginia, 2807",+1 (938) 580-2487,brown,1,99
786,Selma Adkins,27,"765 Johnson Avenue, Ona, Montana, 5893",+1 (982) 447-3226,blue,0,26
787,Vivian Walsh,28,"324 Vandam Street, Brecon, Oregon, 5632",+1 (981) 506-2946,brown,0,44
788,Fitzpatrick Bradford,21,"340 Ridge Court, Floriston, Illinois, 960",+1 (951) 508-3842,blue,1,8
789,Bradley Dawson,61,"995 Williamsburg Street, Hiko, Georgia, 7687",+1 (833) 578-3747,brown,0,33
790,Emerson Kennedy,63,"442 Euclid Avenue, Edinburg, Massachusetts, 3085",+1 (844) 549-3612,blue,0,87
791,Kemp Rutledge,64,"646 Menahan Street, Ypsilanti, Arizona, 8482",+1 (848) 462-2706,blue,1,80
792,Hansen Dejesus,28,"572 Locust Avenue, Coldiron, Delaware, 4788",+1 (976) 517-2459,blue,1,99
793,Molina Rhodes,51,"430 Norman Avenue, Virgie, North Carolina, 6688",+1 (937) 593-2713,blue,1,18
794,Frankie Velazquez,24,"501 Grimes Road, Kempton, Northern Mariana Islands, 4497",+1 (931) 506-2673,blue,1,26
795,Tanya Pena,62,"629 Jay Street, Eagleville, Vermont, 5960",+1 (997) 500-2851,brown,0,52
796,Brenda House,33,"316 Arlington Place, Cannondale, New Jersey, 1600",+1 (923) 506-2954,blue,1,35
797,Miles Terrell,39,"973 Holly Street, Bend, Puerto Rico, 5126",+1 (928) 594-2088,brown,0,71
798,Tabatha Glover,46,"875 Quentin Street, Germanton, New Hampshire, 6821",+1 (899) 431-2654,blue,1,15
799,Cara Matthews,48,"349 Bennet Court, Galesville, Oklahoma, 4706",+1 (961) 596-3047,brown,0,43
800,Rene Fleming,47,"165 Erskine Loop, Richford, Alaska, 3286",+1 (806) 550-2823,blue,1,28
801,Bolton Fowler,49,"952 Beverly Road, Gilgo, Missouri, 6238",+1 (966) 557-2309,brown,1,96
802,Copeland Zimmerman,24,"419 Laurel Avenue, Bluetown, Florida, 9528",+1 (825) 590-3641,blue,1,55
803,Rosalie Durham,38,"182 Himrod Street, Brenton, Pennsylvania, 8706",+1 (934) 496-3930,blue,0,93
804,Shari Farrell,22,"676 Meserole Street, Garfield, Iowa, 1061",+1 (902) 400-2066,brown,0,2
805,Marissa Merritt,42,"158 Dank Court, Detroit, Wyoming, 4405",+1 (890) 589-3735,blue,0,30
806,Lawanda Russell,53,"929 Lefferts Place, Aguila, California, 7620",+1 (979) 484-3733,blue,0,9
807,Robles Peters,60,"428 Portal Street, Hollins, Connecticut, 9674",+1 (914) 433-2251,blue,1,6
808,Oneil Kramer,63,"300 Degraw Street, Orovada, Nevada, 8800",+1 (855) 597-3788,brown,1,39
809,Sheryl Wallace,55,"383 Sunnyside Court, Fairforest, Ohio, 2660",+1 (936) 474-3605,brown,1,50
810,Freida Hawkins,34,"759 Centre Street, Florence, Texas, 8497",+1 (868) 442-3908,blue,1,37
811,Maxwell Webb,39,"390 Fountain Avenue, Temperanceville, New Mexico, 8880",+1 (808) 596-3499,brown,1,79
812,Pena Buckner,40,"131 Concord Street, Warsaw, American Samoa, 3484",+1 (836) 495-3313,blue,1,88
813,Ellison Roach,59,"507 Seaview Avenue, Vernon, Guam, 1935",+1 (884) 543-2830,blue,1,46
814,Dorsey Copeland,45,"157 Rutland Road, Chautauqua, Mississippi, 1529",+1 (972) 430-3101,brown,1,48
815,Kayla Mayo,37,"768 Stuyvesant Avenue, Martinez, Virgin Islands, 1070",+1 (956) 434-2756,brown,1,81
816,Lewis Sanchez,36,"876 Wogan Terrace, Camas, Kansas, 1148",+1 (933) 474-2232,brown,0,3
817,Ward Cobb,53,"765 Minna Street, Bloomington, Idaho, 8061",+1 (962) 553-3451,brown,0,5
818,Patrice Hutchinson,30,"504 Gates Avenue, Levant, Maryland, 3816",+1 (881) 417-2076,brown,1,21
819,Gallegos Schroeder,53,"898 Tapscott Avenue, Barrelville, Michigan, 7525",+1 (940) 417-2014,brown,0,69
820,Haley Bates,46,"126 Wyckoff Avenue, Bannock, Louisiana, 2539",+1 (852) 576-3055,brown,0,10
821,Snider Kirkland,54,"929 Williams Avenue, Malott, District Of Columbia, 9105",+1 (888) 505-3649,blue,1,82
822,Misty Clay,56,"267 McDonald Avenue, Fannett, Indiana, 4914",+1 (921) 589-3469,blue,1,16
823,Castillo Baird,42,"128 Pleasant Place, Farmers, Utah, 9325",+1 (956) 414-3421,blue,1,66
824,Morin Vaughn,23,"354 Berry Street, Cornucopia, South Carolina, 973",+1 (861) 460-3484,brown,1,52
825,Sondra Hodge,23,"693 Meserole Avenue, Barclay, Minnesota, 7609",+1 (954) 536-2491,blue,1,15
826,Jessie Hood,63,"375 Kossuth Place, Leroy, North Dakota, 9975",+1 (868) 442-3291,brown,1,29
827,Catalina Lowe,52,"124 Howard Alley, Durham, New York, 7585",+1 (888) 474-2475,blue,0,43
828,Walter Avery,35,"797 Vandervoort Place, Wheaton, Kentucky, 1051",+1 (992) 532-3748,blue,1,1
829,Benson Valenzuela,51,"263 Dupont Street, Cawood, West Virginia, 8375",+1 (920) 487-3498,brown,1,97
830,Compton Eaton,38,"431 Thornton Street, Bennett, Colorado, 3166",+1 (853) 515-2647,blue,1,11
831,Walton Mercado,23,"546 Sunnyside Avenue, Brambleton, Tennessee, 4219",+1 (864) 555-2480,blue,0,61
832,Krista Carroll,40,"138 Rochester Avenue, Century, Arkansas, 6000",+1 (997) 545-2651,brown,1,35
833,Cathy Shepard,26,"774 Powell Street, Graball, Maine, 9028",+1 (993) 575-2060,blue,0,64
834,Skinner Walton,57,"421 Rapelye Street, Wintersburg, South Dakota, 2985",+1 (943) 466-2116,blue,0,50
835,Florine Dickson,54,"984 Guernsey Street, Greenfields, Washington, 2342",+1 (994) 588-2238,brown,0,60
836,Yolanda Wheeler,48,"925 McKinley Avenue, Veguita, Hawaii, 8093",+1 (850) 496-3241,brown,1,18
837,Young Mcfarland,24,"369 Central Avenue, Marysville, Marshall Islands, 8028",+1 (861) 553-3708,blue,0,29
838,Mary Whitley,29,"289 Rutledge Street, Rutherford, Federated States Of Micronesia, 8697",+1 (980) 409-2128,brown,0,17
839,Clarice Cross,21,"723 Belvidere Street, Brandermill, Palau, 4507",+1 (847) 588-2211,blue,1,28
840,Leon Church,63,"529 Strickland Avenue, Deputy, Nebraska, 9597",+1 (939) 564-3933,brown,1,73
841,Hudson Byers,25,"143 Cropsey Avenue, Nile, Rhode Island, 3266",+1 (924) 485-2394,brown,0,30
842,Sally Hunter,43,"947 Underhill Avenue, Stonybrook, Wisconsin, 8439",+1 (917) 514-2008,blue,1,30
843,Fay Joyce,28,"215 Montgomery Street, Wauhillau, Virginia, 5151",+1 (873) 453-3834,blue,1,26
844,Paul Long,34,"585 Tennis Court, Greenwich, Montana, 6386",+1 (993) 499-3253,brown,0,30
845,Finch Blair,21,"278 Beverley Road, Romeville, Oregon, 5657",+1 (802) 542-3734,brown,0,51
846,Martina Soto,23,"360 Newel Street, Abrams, Illinois, 1964",+1 (907) 499-3368,brown,0,68
847,Liliana Patrick,20,"973 Knickerbocker Avenue, Succasunna, Georgia, 741",+1 (927) 418-2789,blue,1,17
848,Lola Yates,63,"995 Kent Avenue, Zarephath, Massachusetts, 4393",+1 (863) 578-3066,brown,1,27
849,Orr Mueller,43,"819 Anchorage Place, Turpin, Arizona, 9049",+1 (804) 425-2889,brown,0,23
850,Mcconnell Cooper,35,"562 Dodworth Street, Mammoth, Delaware, 3300",+1 (914) 426-3880,brown,1,75
851,Bean Rivera,38,"909 Wolcott Street, Springville, North Carolina, 4607",+1 (805) 435-3671,blue,1,59
852,Darla Howell,24,"494 Harman Street, Albrightsville, Northern Mariana Islands, 2084",+1 (857) 460-3332,blue,1,37
853,Keller Patton,39,"498 Morton Street, Bowmansville, Vermont, 8839",+1 (978) 573-3251,brown,1,69
854,Woods Sutton,44,"474 Revere Place, Sharon, New Jersey, 235",+1 (903) 470-2015,blue,1,87
855,Webb Lyons,37,"148 Monaco Place, Graniteville, Puerto Rico, 3680",+1 (821) 421-2921,brown,1,39
856,Gina Chan,44,"195 Beacon Court, Shasta, New Hampshire, 6921",+1 (852) 416-2231,blue,0,61
857,Ladonna Weber,42,"865 Dahlgreen Place, Ruckersville, Oklahoma, 4832",+1 (895) 538-2752,brown,1,85
858,Sloan Alford,55,"810 Ruby Street, Madrid, Alaska, 4174",+1 (853) 550-3010,brown,1,16
859,Elisa Lott,20,"316 Farragut Place, Carlos, Missouri, 2297",+1 (989) 593-2964,brown,1,16
860,Grimes Emerson,53,"656 Crystal Street, Genoa, Florida, 1868",+1 (889) 591-3224,brown,1,69
861,Church Anthony,62,"922 Blake Court, Falmouth, Pennsylvania, 649",+1 (873) 579-2795,blue,0,3
862,James Flynn,23,"770 Doughty Street, Sparkill, Iowa, 3360",+1 (988) 552-3699,brown,1,34
863,Hart Knowles,38,"412 Vine Street, Sabillasville, Wyoming, 9319",+1 (874) 435-2919,blue,1,73
864,Rosales Mcconnell,47,"790 Montague Street, Zortman, California, 2892",+1 (893) 545-2963,brown,0,47
865,Lucy Barber,61,"382 Trucklemans Lane, Kieler, Connecticut, 8163",+1 (972) 511-3463,blue,0,28
866,Mercado Allison,48,"987 Colby Court, Kula, Nevada, 156",+1 (870) 591-2641,brown,1,17
867,Ronda Pollard,44,"373 Farragut Road, Evergreen, Ohio, 9223",+1 (889) 520-2190,blue,1,46
868,Justice Pugh,43,"179 Randolph Street, Sena, Texas, 1708",+1 (952) 553-2596,brown,1,40
869,Hebert Mcclure,33,"749 Harway Avenue, Orin, New Mexico, 1912",+1 (812) 535-3009,blue,0,14
870,Charity Holland,36,"844 John Street, Ellerslie, American Samoa, 5425",+1 (855) 418-3063,blue,0,89
871,Higgins Lara,54,"734 Just Court, Eggertsville, Guam, 2857",+1 (933) 404-2942,brown,0,3
872,Cecile Griffin,33,"397 Mersereau Court, Haena, Mississippi, 1219",+1 (825) 535-3191,blue,0,86
873,Brooks Mcguire,20,"715 Cumberland Walk, Dupuyer, Virgin Islands, 740",+1 (974) 525-2619,blue,0,46
874,Vargas Cunningham,51,"650 Thames Street, Rowe, Kansas, 4293",+1 (908) 453-2275,brown,0,65
875,Greene Gaines,21,"661 Pitkin Avenue, Marenisco, Idaho, 1437",+1 (855) 520-2831,blue,0,52
876,Shawna Morrison,64,"778 Ide Court, Muir, Maryland, 5899",+1 (834) 500-2153,brown,1,49
877,Powell Anderson,34,"622 Emerald Street, Kaka, Michigan, 3420",+1 (991) 572-2570,blue,1,38
878,Walters Schmidt,38,"590 Humboldt Street, Mahtowa, Louisiana, 922",+1 (923) 452-3870,blue,1,63
879,Carrillo Parks,60,"719 Mill Avenue, Craig, District Of Columbia, 8077",+1 (976) 489-2147,brown,1,53
880,Vickie Conley,45,"654 Denton Place, Hoagland, Indiana, 1704",+1 (969) 589-2883,brown,1,29
881,Gardner Hickman,33,"963 Knight Court, Coyote, Utah, 8259",+1 (977) 519-3789,blue,1,17
882,Tamra Payne,24,"698 Conway Street, Lloyd, South Carolina, 3723",+1 (887) 441-3188,brown,0,95
883,Nona Maynard,24,"386 Delevan Street, Winchester, Minnesota, 4050",+1 (997) 426-2021,blue,1,6
884,Stephanie Herrera,50,"545 Calyer Street, Bangor, North Dakota, 4963",+1 (820) 530-2031,brown,0,82
885,Charlene Wilcox,49,"673 Shale Street, Allentown, New York, 3993",+1 (958) 507-3241,blue,0,75
886,Prince Barton,65,"676 Dorchester Road, Darrtown, Kentucky, 6242",+1 (881) 427-2318,brown,1,74
887,Kelley Holcomb,41,"153 Hanover Place, Watchtower, West Virginia, 8447",+1 (946) 576-2222,blue,0,20
888,Lucia Kemp,48,"959 Schaefer Street, Hamilton, Colorado, 1828",+1 (841) 440-2422,blue,1,93
889,Weber Macias,57,"881 Garland Court, Gordon, Tennessee, 5785",+1 (877) 446-3488,blue,0,3
890,Daugherty Sparks,59,"187 Fillmore Avenue, Steinhatchee, Arkansas, 8277",+1 (870) 522-2985,brown,1,19
891,Diana Burgess,22,"777 Veranda Place, Dola, Maine, 1823",+1 (813) 477-2758,blue,0,10
892,West Newman,20,"580 Fulton Street, Starks, South Dakota, 1004",+1 (970) 477-3094,brown,0,97
893,Barron Zamora,59,"636 Knapp Street, Ripley, Washington, 6433",+1 (835) 418-3899,blue,1,59
894,Weaver Mcdowell,50,"820 Aster Court, Sidman, Hawaii, 4010",+1 (942) 585-2280,brown,0,32
895,Tanner Bauer,65,"587 Llama Court, Wedgewood, Marshall Islands, 6867",+1 (807) 502-3663,blue,1,44
896,Roberts Spencer,62,"553 Graham Avenue, Caln, Federated States Of Micronesia, 3758",+1 (855) 418-2880,blue,0,25
897,Arline Bird,23,"852 Catherine Street, Gouglersville, Palau, 4515",+1 (879) 537-2794,blue,1,65
898,Pearson Keller,58,"914 Osborn Street, Allamuchy, Nebraska, 1463",+1 (821) 570-3701,brown,0,61
899,Tamara Rollins,63,"563 Cherry Street, Leeper, Rhode Island, 6203",+1 (937) 576-3363,brown,1,39
900,Hartman Burris,32,"504 Pierrepont Street, Verdi, Wisconsin, 2089",+1 (986) 494-2669,blue,1,98
901,Lucile Mcclain,36,"450 Maple Avenue, Chumuckla, Virginia, 2678",+1 (861) 591-2563,blue,1,22
902,Carey Olsen,22,"473 Lott Street, Loretto, Montana, 656",+1 (832) 461-2297,blue,1,50
903,Erickson Vazquez,20,"739 Cypress Avenue, Balm, Oregon, 7846",+1 (948) 439-2027,brown,1,93
904,Byers Rowland,60,"788 Woodrow Court, Bowden, Illinois, 2152",+1 (908) 470-2997,brown,1,90
905,Knowles Scott,60,"628 Elliott Walk, Calvary, Georgia, 7928",+1 (839) 580-2516,brown,0,39
906,Davis Rich,26,"997 Beekman Place, Hachita, Massachusetts, 4800",+1 (829) 432-2097,brown,0,39
907,Singleton Conner,64,"374 Fayette Street, Greer, Arizona, 5773",+1 (900) 446-2150,blue,1,30
908,Flossie Mcleod,34,"666 Celeste Court, Siglerville, Delaware, 9742",+1 (987) 560-2550,brown,0,61
909,Landry Winters,27,"832 Arlington Avenue, Shelby, North Carolina, 9594",+1 (812) 565-3166,brown,0,17
910,Hardin Bradshaw,33,"717 Bergen Avenue, Henrietta, Northern Mariana Islands, 1183",+1 (920) 446-3986,brown,1,98
911,Gilbert Grant,45,"182 Ralph Avenue, Wikieup, Vermont, 6149",+1 (968) 567-2601,brown,1,50
912,Suarez Robles,33,"525 Driggs Avenue, Savannah, New Jersey, 4308",+1 (859) 540-2170,brown,1,59
913,Debra Case,42,"664 Remsen Avenue, Blandburg, Puerto Rico, 4746",+1 (954) 530-2753,blue,1,56
914,Holland Sharpe,42,"920 Whitwell Place, Salunga, New Hampshire, 741",+1 (938) 491-2204,brown,0,20
915,Mcneil Wyatt,30,"220 Verona Place, Glenbrook, Oklahoma, 9249",+1 (940) 479-2687,brown,1,76
916,Lou Mccarty,40,"243 Everett Avenue, Stevens, Alaska, 466",+1 (942) 414-3259,blue,0,91
917,Cassie Wooten,36,"894 Hegeman Avenue, Chaparrito, Missouri, 4130",+1 (868) 465-2398,brown,1,60
918,Jewell Lloyd,41,"267 Anthony Street, Jenkinsville, Florida, 3463",+1 (883) 577-3859,blue,0,25
919,Madge Welch,54,"831 Chestnut Avenue, Caroleen, Pennsylvania, 8541",+1 (931) 431-2269,blue,0,68
920,Annette Mitchell,60,"524 Eldert Lane, Bainbridge, Iowa, 1795",+1 (822) 554-2471,blue,0,71
921,Brandy James,45,"876 Narrows Avenue, Hartsville/Hartley, Wyoming, 116",+1 (873) 495-2684,blue,0,20
922,Odom Peterson,34,"385 Dearborn Court, Gallina, California, 5773",+1 (909) 498-2682,brown,1,34
923,Kim York,44,"553 Devon Avenue, Kiskimere, Connecticut, 4859",+1 (844) 472-3343,blue,0,91
924,Alexandria Ochoa,34,"941 Withers Street, Kennedyville, Nevada, 8611",+1 (909) 502-2809,brown,1,75
925,Johns Preston,56,"448 Bevy Court, Tyro, Ohio, 4562",+1 (881) 415-2484,brown,0,76
926,Lorrie Ball,38,"476 Horace Court, Wyoming, Texas, 5412",+1 (901) 526-2155,brown,1,46
927,Kelley Beach,55,"260 Vermont Court, Cochranville, New Mexico, 4667",+1 (835) 550-2407,brown,0,11
928,Hester Malone,38,"928 Seaview Court, Jacksonburg, American Samoa, 4161",+1 (847) 435-3662,brown,0,1
929,Mayra Padilla,24,"675 Lexington Avenue, Yukon, Guam, 4093",+1 (959) 536-3638,blue,0,3
930,Cotton Johnston,47,"155 Kaufman Place, Jamestown, Mississippi, 9603",+1 (920) 566-2376,brown,0,71
931,Tiffany Gardner,39,"482 Keen Court, Gulf, Virgin Islands, 6749",+1 (980) 488-2268,blue,1,74
932,Cook Hahn,63,"972 Hope Street, Rockbridge, Kansas, 3070",+1 (855) 411-3883,blue,0,71
933,Bridgett Miranda,48,"535 Henry Street, Cumberland, Idaho, 9363",+1 (819) 532-3199,brown,1,46
934,Nguyen Ramos,51,"847 Meadow Street, Frierson, Maryland, 2159",+1 (872) 557-3545,blue,1,55
935,Gordon Wolfe,22,"692 Sharon Street, Hampstead, Michigan, 5916",+1 (882) 427-3830,brown,1,2
936,Stefanie Moreno,60,"370 Norwood Avenue, Windsor, Louisiana, 7859",+1 (888) 483-3773,blue,0,79
937,Melody Swanson,26,"293 Robert Street, Williams, District Of Columbia, 1590",+1 (833) 522-3673,brown,0,41
938,Geraldine Mayer,40,"858 Heath Place, Churchill, Indiana, 2513",+1 (818) 539-2022,brown,0,97
939,Aurora Melendez,32,"990 Apollo Street, Rodanthe, Utah, 9005",+1 (939) 551-3746,brown,1,16
940,Mara Bray,56,"381 Polar Street, Lookingglass, South Carolina, 7870",+1 (881) 549-2515,brown,0,3
941,Raquel Barron,36,"238 Varick Street, Lithium, Minnesota, 9018",+1 (820) 496-2094,blue,0,56
942,Sophia Garrett,28,"335 India Street, Greenock, North Dakota, 2428",+1 (983) 416-3939,blue,0,13
943,Mullen Jennings,59,"712 Nautilus Avenue, Axis, New York, 9877",+1 (833) 596-3871,blue,0,92
944,Millicent Brewer,38,"561 Conselyea Street, Libertytown, Kentucky, 3024",+1 (812) 541-3400,brown,1,50
945,Emily Taylor,52,"341 Canton Court, Osmond, West Virginia, 1219",+1 (945) 532-3111,blue,1,99
946,Gwendolyn Porter,41,"759 Madoc Avenue, Tedrow, Colorado, 414",+1 (831) 446-2728,brown,1,58
947,Watkins Kim,37,"919 Irving Street, Fairlee, Tennessee, 3476",+1 (939) 418-2376,blue,0,91
948,Joan Bradley,64,"215 Schenectady Avenue, Noxen, Arkansas, 5435",+1 (945) 583-3683,brown,0,85
949,Inez Barnes,39,"889 Willoughby Avenue, Hinsdale, Maine, 4015",+1 (833) 521-3090,brown,1,59
950,Curry Dyer,62,"131 Kensington Street, Tampico, South Dakota, 8245",+1 (984) 495-2430,brown,1,61
951,Kaitlin Wilder,55,"207 Guider Avenue, Freeburn, Washington, 5043",+1 (831) 535-2716,brown,0,68
952,Jimmie Bean,30,"125 Eastern Parkway, Hillsboro, Hawaii, 9531",+1 (939) 461-2428,brown,0,64
953,Shanna Strickland,22,"488 Jefferson Street, Machias, Marshall Islands, 7673",+1 (936) 476-3510,blue,1,15
954,Rachael Hoffman,61,"330 Harrison Place, Beaverdale, Federated States Of Micronesia, 7080",+1 (925) 401-2398,blue,0,52
955,Duran Parsons,37,"510 Melba Court, Harborton, Palau, 7957",+1 (933) 452-2771,blue,1,5
956,Schroeder Mcneil,20,"782 Bowne Street, Sylvanite, Nebraska, 853",+1 (927) 535-2916,blue,0,96
957,Aileen Reynolds,20,"437 Glenmore Avenue, Vicksburg, Rhode Island, 4641",+1 (806) 416-2885,blue,0,12
958,Caldwell Daugherty,38,"898 Brigham Street, Edgewater, Wisconsin, 7916",+1 (850) 577-3773,blue,0,74
959,Chase Ramsey,54,"634 Manor Court, Glenshaw, Virginia, 6721",+1 (860) 467-3009,blue,0,91
960,Humphrey Tate,20,"947 Doone Court, Ahwahnee, Montana, 2393",+1 (918) 488-2646,blue,1,68
961,Sheena Berry,59,"511 Newkirk Avenue, Catherine, Oregon, 2385",+1 (812) 481-3372,blue,1,28
962,Chrystal Garcia,50,"670 Clermont Avenue, Naomi, Illinois, 3787",+1 (831) 425-2643,brown,1,73
963,Roxanne Compton,29,"531 Strong Place, Fairview, Georgia, 6649",+1 (897) 400-3253,brown,1,16
964,Crystal Chaney,47,"942 Jerome Avenue, Chestnut, Massachusetts, 5904",+1 (804) 594-2407,brown,1,57
965,Burris Mathis,40,"394 Ivan Court, Cade, Arizona, 3554",+1 (974) 401-2545,blue,1,75
966,Lawson Mccullough,26,"766 Quentin Road, Knowlton, Delaware, 312",+1 (864) 502-3276,blue,0,47
967,Laura Russo,28,"397 Moore Place, Hackneyville, North Carolina, 9213",+1 (927) 600-3561,brown,0,56
968,Rosa Cox,53,"946 Creamer Street, Fowlerville, Northern Mariana Islands, 7085",+1 (941) 548-3984,brown,0,30
969,Selena Bentley,26,"624 Grafton Street, Cartwright, Vermont, 5530",+1 (894) 406-2638,brown,1,33
970,Shana Garza,62,"853 Lloyd Court, Dargan, New Jersey, 6858",+1 (919) 561-2831,brown,0,63
971,Glover Middleton,27,"378 Crosby Avenue, Islandia, Puerto Rico, 4662",+1 (802) 408-3594,brown,0,27
972,Francis Mathews,64,"501 Erasmus Street, Falconaire, New Hampshire, 3882",+1 (878) 545-2147,blue,1,62
973,Adrian Hewitt,23,"563 Veterans Avenue, Diaperville, Oklahoma, 6920",+1 (925) 600-2787,brown,1,27
974,Amy Goff,21,"476 Sands Street, Rose, Alaska, 9490",+1 (875) 528-3470,brown,0,88
975,York Montgomery,60,"524 Scott Avenue, Herlong, Missouri, 7388",+1 (860) 469-2162,brown,1,23
976,Ayala Phelps,56,"545 Havemeyer Street, Fillmore, Florida, 3858",+1 (923) 472-2559,brown,1,61
977,Kerry Obrien,35,"145 Hubbard Place, Rote, Pennsylvania, 1553",+1 (908) 438-2464,brown,0,83
978,Leanna Kirk,25,"473 River Street, Nescatunga, Iowa, 5698",+1 (852) 528-2129,brown,0,100
979,Randi Ferrell,42,"894 Dakota Place, Outlook, Wyoming, 943",+1 (909) 423-3824,brown,0,18
980,Carole Dale,20,"445 Tech Place, Rushford, California, 8462",+1 (890) 426-3302,blue,0,27
981,Willa Tyler,40,"315 Sumpter Street, Taft, Connecticut, 5397",+1 (851) 563-2956,blue,0,30
982,Debbie Branch,39,"903 Reeve Place, Norris, Nevada, 8120",+1 (907) 562-3331,blue,1,96
983,Mari Luna,49,"809 Ocean Parkway, Walker, Ohio, 9740",+1 (942) 413-3274,brown,1,55
984,Sallie Bernard,44,"355 Oceanview Avenue, Lafferty, Texas, 3767",+1 (801) 496-2290,brown,0,43
985,Arlene Erickson,46,"821 Coventry Road, Manchester, New Mexico, 2751",+1 (878) 521-3781,brown,1,1
986,Anthony Sweet,52,"716 Sedgwick Place, Healy, American Samoa, 8213",+1 (901) 520-3681,brown,0,91
987,Marla Donovan,34,"831 Lamont Court, Nanafalia, Guam, 1694",+1 (955) 460-2448,blue,0,50
988,Duffy Dorsey,40,"784 Abbey Court, Witmer, Mississippi, 7468",+1 (928) 435-2395,blue,0,79
989,Johanna Palmer,30,"337 Eagle Street, Hanover, Virgin Islands, 9973",+1 (953) 557-3514,brown,0,14
990,Elsie Giles,28,"937 Moffat Street, Dowling, Kansas, 578",+1 (877) 533-3748,blue,0,72
991,Aisha Davis,35,"828 Navy Street, Ada, Idaho, 8913",+1 (910) 426-2287,brown,0,42
992,Sanders Reilly,28,"664 Essex Street, Dexter, Maryland, 4754",+1 (952) 402-3777,blue,1,4
993,Erma Callahan,58,"733 Benson Avenue, Hemlock, Michigan, 616",+1 (840) 528-2598,brown,0,97
994,Terri Bridges,39,"262 Louisiana Avenue, Boykin, Louisiana, 2292",+1 (880) 529-3585,brown,1,73
995,Sawyer Bruce,20,"343 Voorhies Avenue, Chelsea, District Of Columbia, 175",+1 (993) 439-2320,blue,0,95
996,Chelsea Wong,29,"892 Tompkins Place, Fostoria, Indiana, 2219",+1 (897) 495-3483,brown,0,63
997,Rena Vincent,22,"872 Nassau Street, Harviell, Utah, 9532",+1 (978) 575-2298,brown,0,42
998,Maribel Cruz,23,"171 Krier Place, Deseret, South Carolina, 3117",+1 (806) 595-3921,brown,0,81
999,Barrett Lambert,28,"618 Sumner Place, Sperryville, Minnesota, 4964",+1 (810) 488-2604,brown,1,54
