0,orange
0,apple
0,banana
0,strawberry
1,cucumber
1,beetroot
1,carrot
1,celery
2,orange
2,beetroot
2,banana
2,strawberry
3,orange
3,apple
3,carrot
3,celery
4,orange
4,apple
4,banana
4,strawberry
5,cucumber
5,beetroot
5,carrot
5,strawberry
6,cucumber
6,beetroot
6,carrot
6,strawberry
7,cucumber
7,beetroot
7,carrot
7,strawberry
8,cucumber
8,apple
8,carrot
8,strawberry
9,cucumber
9,apple
9,banana
9,celery
10,cucumber
10,apple
10,banana
10,strawberry
11,cucumber
11,beetroot
11,carrot
11,celery
12,orange
12,beetroot
12,carrot
12,strawberry
13,cucumber
13,beetroot
13,banana
13,celery
14,orange
14,apple
14,carrot
14,strawberry
15,orange
15,apple
15,banana
15,celery
16,orange
16,beetroot
16,carrot
16,celery
17,cucumber
17,beetroot
17,banana
17,celery
18,cucumber
18,apple
18,banana
18,celery
19,orange
19,apple
19,banana
19,strawberry
20,orange
20,beetroot
20,banana
20,strawberry
21,cucumber
21,apple
21,banana
21,strawberry
22,cucumber
22,beetroot
22,carrot
22,strawberry
23,orange
23,apple
23,banana
23,celery
24,orange
24,beetroot
24,banana
24,celery
25,cucumber
25,apple
25,carrot
25,celery
26,cucumber
26,beetroot
26,carrot
26,celery
27,cucumber
27,apple
27,carrot
27,celery
28,orange
28,apple
28,carrot
28,strawberry
29,cucumber
29,beetroot
29,carrot
29,strawberry
30,orange
30,apple
30,banana
30,strawberry
31,orange
31,beetroot
31,banana
31,celery
32,cucumber
32,apple
32,carrot
32,celery
33,orange
33,apple
33,carrot
33,strawberry
34,cucumber
34,apple
34,banana
34,strawberry
35,orange
35,beetroot
35,carrot
35,strawberry
36,orange
36,beetroot
36,banana
36,strawberry
37,orange
37,beetroot
37,banana
37,celery
38,cucumber
38,beetroot
38,carrot
38,celery
39,cucumber
39,apple
39,banana
39,strawberry
40,orange
40,apple
40,carrot
40,celery
41,orange
41,apple
41,carrot
41,celery
42,cucumber
42,apple
42,banana
42,celery
43,orange
43,beetroot
43,banana
43,celery
44,cucumber
44,apple
44,carrot
44,celery
45,cucumber
45,beetroot
45,carrot
45,strawberry
46,orange
46,apple
46,carrot
46,strawberry
47,orange
47,beetroot
47,carrot
47,celery
48,cucumber
48,apple
48,carrot
48,strawberry
49,orange
49,beetroot
49,banana
49,strawberry
50,cucumber
50,apple
50,carrot
50,celery
51,orange
51,beetroot
51,carrot
51,strawberry
52,orange
52,apple
52,carrot
52,celery
53,orange
53,beetroot
53,carrot
53,celery
54,cucumber
54,beetroot
54,carrot
54,strawberry
55,cucumber
55,apple
55,banana
55,strawberry
56,orange
56,apple
56,carrot
56,celery
57,cucumber
57,apple
57,banana
57,strawberry
58,orange
58,apple
58,carrot
58,celery
59,orange
59,apple
59,carrot
59,celery
60,cucumber
60,apple
60,carrot
60,strawberry
61,cucumber
61,beetroot
61,carrot
61,strawberry
62,orange
62,apple
62,carrot
62,celery
63,orange
63,apple
63,banana
63,celery
64,orange
64,beetroot
64,banana
64,celery
65,cucumber
65,beetroot
65,carrot
65,strawberry
66,cucumber
66,beetroot
66,banana
66,strawberry
67,cucumber
67,apple
67,carrot
67,strawberry
68,cucumber
68,apple
68,carrot
68,celery
69,cucumber
69,apple
69,banana
69,strawberry
70,cucumber
70,beetroot
70,carrot
70,celery
71,orange
71,apple
71,carrot
71,strawberry
72,cucumber
72,beetroot
72,carrot
72,celery
73,cucumber
73,beetroot
73,banana
73,strawberry
74,cucumber
74,apple
74,carrot
74,celery
75,orange
75,apple
75,banana
75,celery
76,cucumber
76,beetroot
76,carrot
76,celery
77,cucumber
77,beetroot
77,carrot
77,celery
78,orange
78,beetroot
78,carrot
78,strawberry
79,cucumber
79,apple
79,banana
79,strawberry
80,orange
80,apple
80,banana
80,celery
81,cucumber
81,beetroot
81,carrot
81,celery
82,orange
82,apple
82,banana
82,strawberry
83,cucumber
83,apple
83,banana
83,celery
84,orange
84,apple
84,carrot
84,celery
85,cucumber
85,beetroot
85,carrot
85,celery
86,cucumber
86,apple
86,carrot
86,strawberry
87,cucumber
87,apple
87,carrot
87,strawberry
88,cucumber
88,beetroot
88,banana
88,celery
89,orange
89,apple
89,carrot
89,strawberry
90,orange
90,beetroot
90,banana
90,strawberry
91,cucumber
91,beetroot
91,banana
91,strawberry
92,cucumber
92,beetroot
92,carrot
92,celery
93,cucumber
93,apple
93,banana
93,celery
94,orange
94,apple
94,banana
94,celery
95,cucumber
95,beetroot
95,carrot
95,celery
96,orange
96,apple
96,carrot
96,celery
97,cucumber
97,apple
97,banana
97,celery
98,orange
98,apple
98,banana
98,strawberry
99,orange
99,apple
99,banana
99,strawberry
100,orange
100,beetroot
100,carrot
100,celery
101,cucumber
101,apple
101,banana
101,celery
102,orange
102,apple
102,banana
102,celery
103,cucumber
103,beetroot
103,banana
103,strawberry
104,orange
104,beetroot
104,banana
104,strawberry
105,cucumber
105,apple
105,carrot
105,celery
106,cucumber
106,apple
106,carrot
106,strawberry
107,orange
107,apple
107,banana
107,celery
108,orange
108,beetroot
108,banana
108,strawberry
109,cucumber
109,apple
109,banana
109,celery
110,orange
110,beetroot
110,banana
110,celery
111,orange
111,apple
111,banana
111,strawberry
112,orange
112,beetroot
112,banana
112,celery
113,orange
113,apple
113,banana
113,strawberry
114,cucumber
114,beetroot
114,banana
114,strawberry
115,orange
115,beetroot
115,carrot
115,strawberry
116,cucumber
116,apple
116,banana
116,strawberry
117,orange
117,apple
117,carrot
117,strawberry
118,cucumber
118,apple
118,banana
118,celery
119,orange
119,apple
119,banana
119,strawberry
120,cucumber
120,beetroot
120,carrot
120,strawberry
121,orange
121,beetroot
121,banana
121,celery
122,cucumber
122,apple
122,banana
122,celery
123,cucumber
123,beetroot
123,banana
123,celery
124,cucumber
124,apple
124,carrot
124,strawberry
125,orange
125,apple
125,carrot
125,celery
126,cucumber
126,beetroot
126,carrot
126,celery
127,cucumber
127,beetroot
127,banana
127,strawberry
128,orange
128,beetroot
128,banana
128,strawberry
129,orange
129,apple
129,carrot
129,strawberry
130,orange
130,beetroot
130,banana
130,celery
131,orange
131,apple
131,carrot
131,strawberry
132,orange
132,apple
132,banana
132,strawberry
133,cucumber
133,beetroot
133,carrot
133,celery
134,cucumber
134,beetroot
134,banana
134,strawberry
135,orange
135,apple
135,carrot
135,strawberry
136,cucumber
136,beetroot
136,banana
136,strawberry
137,orange
137,beetroot
137,carrot
137,celery
138,orange
138,apple
138,banana
138,strawberry
139,cucumber
139,beetroot
139,carrot
139,celery
140,cucumber
140,beetroot
140,carrot
140,strawberry
141,orange
141,apple
141,carrot
141,strawberry
142,orange
142,beetroot
142,carrot
142,strawberry
143,cucumber
143,apple
143,banana
143,celery
144,cucumber
144,beetroot
144,carrot
144,celery
145,orange
145,beetroot
145,carrot
145,strawberry
146,cucumber
146,apple
146,banana
146,strawberry
147,cucumber
147,beetroot
147,carrot
147,celery
148,orange
148,beetroot
148,carrot
148,celery
149,orange
149,beetroot
149,banana
149,strawberry
150,orange
150,beetroot
150,carrot
150,strawberry
151,orange
151,apple
151,banana
151,strawberry
152,orange
152,beetroot
152,banana
152,strawberry
153,orange
153,apple
153,banana
153,strawberry
154,orange
154,beetroot
154,banana
154,celery
155,orange
155,beetroot
155,banana
155,celery
156,cucumber
156,beetroot
156,banana
156,strawberry
157,cucumber
157,beetroot
157,carrot
157,celery
158,orange
158,apple
158,banana
158,celery
159,orange
159,beetroot
159,carrot
159,strawberry
160,orange
160,apple
160,carrot
160,celery
161,orange
161,beetroot
161,carrot
161,strawberry
162,orange
162,beetroot
162,banana
162,celery
163,orange
163,apple
163,banana
163,strawberry
164,cucumber
164,apple
164,carrot
164,celery
165,orange
165,beetroot
165,banana
165,strawberry
166,cucumber
166,apple
166,banana
166,celery
167,cucumber
167,beetroot
167,banana
167,strawberry
168,cucumber
168,beetroot
168,carrot
168,celery
169,cucumber
169,beetroot
169,banana
169,strawberry
170,cucumber
170,beetroot
170,banana
170,strawberry
171,orange
171,beetroot
171,banana
171,celery
172,orange
172,beetroot
172,carrot
172,celery
173,orange
173,apple
173,banana
173,celery
174,orange
174,beetroot
174,banana
174,celery
175,orange
175,beetroot
175,banana
175,strawberry
176,cucumber
176,apple
176,banana
176,celery
177,orange
177,apple
177,banana
177,celery
178,cucumber
178,apple
178,banana
178,celery
179,orange
179,beetroot
179,carrot
179,celery
180,orange
180,apple
180,banana
180,strawberry
181,orange
181,apple
181,banana
181,celery
182,orange
182,apple
182,banana
182,celery
183,orange
183,apple
183,carrot
183,celery
184,orange
184,beetroot
184,banana
184,strawberry
185,cucumber
185,beetroot
185,carrot
185,celery
186,cucumber
186,beetroot
186,banana
186,celery
187,cucumber
187,beetroot
187,carrot
187,strawberry
188,orange
188,beetroot
188,carrot
188,celery
189,orange
189,apple
189,banana
189,strawberry
190,cucumber
190,apple
190,banana
190,celery
191,orange
191,apple
191,banana
191,strawberry
192,orange
192,apple
192,carrot
192,celery
193,cucumber
193,apple
193,carrot
193,celery
194,cucumber
194,beetroot
194,carrot
194,strawberry
195,orange
195,beetroot
195,carrot
195,celery
196,orange
196,apple
196,carrot
196,celery
197,cucumber
197,beetroot
197,carrot
197,strawberry
198,cucumber
198,apple
198,carrot
198,strawberry
199,orange
199,apple
199,banana
199,strawberry
200,cucumber
200,apple
200,banana
200,celery
201,cucumber
201,apple
201,carrot
201,celery
202,orange
202,beetroot
202,carrot
202,strawberry
203,cucumber
203,apple
203,carrot
203,celery
204,orange
204,beetroot
204,carrot
204,celery
205,cucumber
205,beetroot
205,banana
205,strawberry
206,cucumber
206,apple
206,banana
206,celery
207,orange
207,apple
207,banana
207,celery
208,orange
208,beetroot
208,banana
208,celery
209,orange
209,beetroot
209,carrot
209,celery
210,cucumber
210,apple
210,carrot
210,strawberry
211,orange
211,beetroot
211,carrot
211,celery
212,cucumber
212,apple
212,banana
212,celery
213,orange
213,beetroot
213,carrot
213,strawberry
214,cucumber
214,apple
214,carrot
214,celery
215,orange
215,beetroot
215,banana
215,celery
216,cucumber
216,beetroot
216,banana
216,strawberry
217,orange
217,apple
217,carrot
217,strawberry
218,orange
218,apple
218,carrot
218,strawberry
219,cucumber
219,beetroot
219,banana
219,celery
220,orange
220,beetroot
220,carrot
220,celery
221,cucumber
221,apple
221,banana
221,strawberry
222,cucumber
222,apple
222,carrot
222,strawberry
223,orange
223,beetroot
223,banana
223,celery
224,cucumber
224,beetroot
224,banana
224,celery
225,orange
225,beetroot
225,carrot
225,celery
226,orange
226,beetroot
226,banana
226,strawberry
227,cucumber
227,beetroot
227,carrot
227,strawberry
228,orange
228,apple
228,carrot
228,celery
229,cucumber
229,apple
229,carrot
229,celery
230,cucumber
230,beetroot
230,carrot
230,strawberry
231,orange
231,beetroot
231,carrot
231,celery
232,cucumber
232,apple
232,banana
232,celery
233,cucumber
233,beetroot
233,carrot
233,celery
234,cucumber
234,beetroot
234,banana
234,celery
235,cucumber
235,apple
235,banana
235,strawberry
236,orange
236,apple
236,carrot
236,celery
237,cucumber
237,beetroot
237,banana
237,celery
238,cucumber
238,apple
238,banana
238,celery
239,cucumber
239,beetroot
239,banana
239,strawberry
240,orange
240,apple
240,banana
240,celery
241,cucumber
241,beetroot
241,carrot
241,strawberry
242,orange
242,apple
242,carrot
242,strawberry
243,orange
243,apple
243,carrot
243,celery
244,cucumber
244,beetroot
244,carrot
244,celery
245,cucumber
245,apple
245,banana
245,celery
246,orange
246,apple
246,carrot
246,celery
247,cucumber
247,beetroot
247,banana
247,celery
248,orange
248,beetroot
248,carrot
248,celery
249,cucumber
249,apple
249,banana
249,strawberry
250,cucumber
250,apple
250,banana
250,celery
251,orange
251,apple
251,banana
251,strawberry
252,orange
252,beetroot
252,banana
252,celery
253,cucumber
253,apple
253,banana
253,strawberry
254,cucumber
254,apple
254,banana
254,strawberry
255,cucumber
255,beetroot
255,carrot
255,celery
256,cucumber
256,beetroot
256,carrot
256,celery
257,orange
257,beetroot
257,carrot
257,strawberry
258,cucumber
258,beetroot
258,banana
258,celery
259,cucumber
259,beetroot
259,banana
259,strawberry
260,cucumber
260,apple
260,banana
260,strawberry
261,orange
261,beetroot
261,carrot
261,celery
262,cucumber
262,beetroot
262,carrot
262,strawberry
263,orange
263,apple
263,carrot
263,celery
264,cucumber
264,apple
264,banana
264,celery
265,cucumber
265,beetroot
265,banana
265,celery
266,orange
266,beetroot
266,banana
266,strawberry
267,cucumber
267,beetroot
267,banana
267,strawberry
268,orange
268,apple
268,carrot
268,celery
269,orange
269,beetroot
269,carrot
269,celery
270,orange
270,beetroot
270,carrot
270,celery
271,cucumber
271,apple
271,banana
271,celery
272,orange
272,apple
272,banana
272,celery
273,cucumber
273,apple
273,carrot
273,strawberry
274,cucumber
274,beetroot
274,banana
274,celery
275,orange
275,apple
275,banana
275,strawberry
276,orange
276,beetroot
276,carrot
276,strawberry
277,cucumber
277,beetroot
277,banana
277,strawberry
278,cucumber
278,beetroot
278,banana
278,celery
279,cucumber
279,apple
279,banana
279,strawberry
280,orange
280,beetroot
280,banana
280,celery
281,orange
281,apple
281,carrot
281,celery
282,cucumber
282,beetroot
282,banana
282,strawberry
283,orange
283,beetroot
283,carrot
283,celery
284,orange
284,apple
284,banana
284,strawberry
285,cucumber
285,apple
285,banana
285,strawberry
286,orange
286,apple
286,carrot
286,strawberry
287,cucumber
287,apple
287,banana
287,strawberry
288,orange
288,apple
288,carrot
288,strawberry
289,orange
289,beetroot
289,banana
289,celery
290,orange
290,beetroot
290,banana
290,strawberry
291,cucumber
291,apple
291,carrot
291,strawberry
292,orange
292,apple
292,banana
292,strawberry
293,orange
293,apple
293,banana
293,strawberry
294,cucumber
294,apple
294,carrot
294,celery
295,cucumber
295,beetroot
295,banana
295,celery
296,cucumber
296,beetroot
296,banana
296,celery
297,orange
297,apple
297,banana
297,celery
298,orange
298,apple
298,banana
298,celery
299,orange
299,beetroot
299,banana
299,strawberry
300,orange
300,beetroot
300,carrot
300,celery
301,orange
301,beetroot
301,carrot
301,celery
302,cucumber
302,beetroot
302,banana
302,celery
303,cucumber
303,beetroot
303,carrot
303,celery
304,cucumber
304,apple
304,banana
304,strawberry
305,cucumber
305,apple
305,carrot
305,strawberry
306,cucumber
306,apple
306,carrot
306,strawberry
307,orange
307,beetroot
307,banana
307,strawberry
308,cucumber
308,beetroot
308,carrot
308,celery
309,cucumber
309,beetroot
309,carrot
309,strawberry
310,orange
310,beetroot
310,carrot
310,celery
311,cucumber
311,apple
311,banana
311,celery
312,cucumber
312,beetroot
312,carrot
312,celery
313,orange
313,apple
313,banana
313,celery
314,cucumber
314,apple
314,banana
314,celery
315,cucumber
315,apple
315,carrot
315,strawberry
316,orange
316,apple
316,banana
316,strawberry
317,cucumber
317,apple
317,carrot
317,celery
318,cucumber
318,apple
318,carrot
318,strawberry
319,cucumber
319,beetroot
319,carrot
319,celery
320,orange
320,apple
320,carrot
320,celery
321,cucumber
321,apple
321,banana
321,strawberry
322,orange
322,beetroot
322,banana
322,strawberry
323,cucumber
323,beetroot
323,banana
323,celery
324,orange
324,apple
324,carrot
324,strawberry
325,cucumber
325,beetroot
325,banana
325,celery
326,orange
326,beetroot
326,carrot
326,celery
327,cucumber
327,beetroot
327,banana
327,strawberry
328,orange
328,beetroot
328,banana
328,celery
329,cucumber
329,apple
329,carrot
329,strawberry
330,cucumber
330,apple
330,banana
330,celery
331,cucumber
331,beetroot
331,banana
331,strawberry
332,cucumber
332,beetroot
332,banana
332,celery
333,cucumber
333,apple
333,banana
333,strawberry
334,orange
334,apple
334,banana
334,strawberry
335,orange
335,apple
335,banana
335,strawberry
336,cucumber
336,beetroot
336,carrot
336,celery
337,cucumber
337,apple
337,banana
337,strawberry
338,orange
338,apple
338,banana
338,strawberry
339,orange
339,apple
339,carrot
339,celery
340,cucumber
340,beetroot
340,banana
340,celery
341,orange
341,beetroot
341,banana
341,celery
342,orange
342,beetroot
342,carrot
342,celery
343,orange
343,apple
343,banana
343,strawberry
344,orange
344,apple
344,banana
344,celery
345,orange
345,beetroot
345,carrot
345,celery
346,cucumber
346,beetroot
346,carrot
346,celery
347,orange
347,apple
347,carrot
347,strawberry
348,orange
348,apple
348,banana
348,celery
349,orange
349,apple
349,banana
349,strawberry
350,cucumber
350,apple
350,carrot
350,strawberry
351,orange
351,apple
351,banana
351,celery
352,orange
352,apple
352,carrot
352,strawberry
353,orange
353,apple
353,banana
353,celery
354,orange
354,beetroot
354,banana
354,celery
355,orange
355,beetroot
355,banana
355,celery
356,cucumber
356,beetroot
356,banana
356,celery
357,orange
357,beetroot
357,banana
357,celery
358,cucumber
358,beetroot
358,banana
358,strawberry
359,orange
359,apple
359,banana
359,celery
360,cucumber
360,apple
360,carrot
360,celery
361,cucumber
361,beetroot
361,carrot
361,strawberry
362,orange
362,beetroot
362,banana
362,strawberry
363,cucumber
363,apple
363,carrot
363,celery
364,cucumber
364,apple
364,banana
364,celery
365,orange
365,apple
365,carrot
365,strawberry
366,orange
366,beetroot
366,carrot
366,celery
367,orange
367,apple
367,banana
367,celery
368,orange
368,beetroot
368,banana
368,strawberry
369,cucumber
369,beetroot
369,carrot
369,celery
370,cucumber
370,beetroot
370,banana
370,strawberry
371,orange
371,beetroot
371,carrot
371,celery
372,cucumber
372,beetroot
372,carrot
372,celery
373,cucumber
373,beetroot
373,carrot
373,strawberry
374,orange
374,beetroot
374,banana
374,strawberry
375,cucumber
375,apple
375,banana
375,celery
376,cucumber
376,beetroot
376,banana
376,strawberry
377,orange
377,apple
377,carrot
377,celery
378,orange
378,apple
378,carrot
378,celery
379,orange
379,beetroot
379,carrot
379,celery
380,cucumber
380,apple
380,carrot
380,celery
381,cucumber
381,apple
381,carrot
381,celery
382,orange
382,apple
382,banana
382,strawberry
383,cucumber
383,beetroot
383,banana
383,celery
384,cucumber
384,apple
384,carrot
384,celery
385,orange
385,apple
385,carrot
385,celery
386,orange
386,beetroot
386,banana
386,strawberry
387,cucumber
387,beetroot
387,carrot
387,strawberry
388,orange
388,beetroot
388,banana
388,celery
389,orange
389,apple
389,banana
389,celery
390,orange
390,apple
390,banana
390,strawberry
391,cucumber
391,apple
391,carrot
391,strawberry
392,orange
392,beetroot
392,banana
392,strawberry
393,orange
393,beetroot
393,carrot
393,strawberry
394,orange
394,apple
394,carrot
394,strawberry
395,orange
395,apple
395,banana
395,strawberry
396,cucumber
396,beetroot
396,banana
396,celery
397,cucumber
397,apple
397,carrot
397,strawberry
398,orange
398,apple
398,carrot
398,celery
399,cucumber
399,beetroot
399,banana
399,celery
400,cucumber
400,beetroot
400,banana
400,celery
401,cucumber
401,beetroot
401,carrot
401,celery
402,cucumber
402,beetroot
402,carrot
402,strawberry
403,cucumber
403,apple
403,banana
403,celery
404,orange
404,apple
404,banana
404,strawberry
405,cucumber
405,apple
405,banana
405,celery
406,cucumber
406,beetroot
406,carrot
406,strawberry
407,cucumber
407,apple
407,banana
407,celery
408,orange
408,beetroot
408,carrot
408,strawberry
409,orange
409,beetroot
409,carrot
409,celery
410,cucumber
410,apple
410,carrot
410,celery
411,orange
411,apple
411,banana
411,strawberry
412,cucumber
412,beetroot
412,banana
412,strawberry
413,orange
413,beetroot
413,banana
413,strawberry
414,orange
414,beetroot
414,banana
414,celery
415,cucumber
415,apple
415,banana
415,strawberry
416,orange
416,beetroot
416,banana
416,strawberry
417,cucumber
417,beetroot
417,banana
417,celery
418,cucumber
418,apple
418,carrot
418,strawberry
419,orange
419,beetroot
419,banana
419,strawberry
420,orange
420,beetroot
420,carrot
420,celery
421,orange
421,beetroot
421,banana
421,strawberry
422,orange
422,beetroot
422,carrot
422,strawberry
423,cucumber
423,beetroot
423,carrot
423,celery
424,orange
424,beetroot
424,banana
424,celery
425,cucumber
425,apple
425,carrot
425,strawberry
426,orange
426,beetroot
426,carrot
426,celery
427,orange
427,apple
427,banana
427,celery
428,orange
428,beetroot
428,carrot
428,celery
429,orange
429,apple
429,carrot
429,strawberry
430,orange
430,apple
430,carrot
430,strawberry
431,cucumber
431,beetroot
431,carrot
431,strawberry
432,orange
432,apple
432,carrot
432,celery
433,cucumber
433,beetroot
433,carrot
433,strawberry
434,orange
434,beetroot
434,banana
434,strawberry
435,orange
435,beetroot
435,carrot
435,strawberry
436,orange
436,beetroot
436,banana
436,strawberry
437,orange
437,apple
437,banana
437,celery
438,cucumber
438,beetroot
438,banana
438,celery
439,cucumber
439,beetroot
439,carrot
439,strawberry
440,orange
440,apple
440,carrot
440,celery
441,cucumber
441,beetroot
441,carrot
441,strawberry
442,orange
442,beetroot
442,banana
442,strawberry
443,orange
443,apple
443,carrot
443,strawberry
444,cucumber
444,apple
444,carrot
444,strawberry
445,orange
445,apple
445,banana
445,strawberry
446,orange
446,beetroot
446,banana
446,strawberry
447,orange
447,apple
447,banana
447,strawberry
448,orange
448,apple
448,banana
448,celery
449,orange
449,apple
449,carrot
449,celery
450,cucumber
450,apple
450,carrot
450,celery
451,cucumber
451,beetroot
451,carrot
451,celery
452,orange
452,beetroot
452,carrot
452,celery
453,orange
453,apple
453,carrot
453,celery
454,orange
454,beetroot
454,carrot
454,strawberry
455,orange
455,beetroot
455,carrot
455,strawberry
456,cucumber
456,apple
456,banana
456,celery
457,orange
457,beetroot
457,carrot
457,celery
458,orange
458,apple
458,banana
458,celery
459,orange
459,beetroot
459,carrot
459,strawberry
460,cucumber
460,apple
460,banana
460,celery
461,orange
461,beetroot
461,banana
461,celery
462,cucumber
462,apple
462,banana
462,strawberry
463,orange
463,apple
463,carrot
463,strawberry
464,cucumber
464,beetroot
464,carrot
464,celery
465,cucumber
465,apple
465,carrot
465,strawberry
466,cucumber
466,apple
466,banana
466,strawberry
467,orange
467,beetroot
467,banana
467,strawberry
468,orange
468,beetroot
468,carrot
468,strawberry
469,orange
469,apple
469,banana
469,strawberry
470,cucumber
470,beetroot
470,banana
470,strawberry
471,cucumber
471,beetroot
471,banana
471,strawberry
472,cucumber
472,beetroot
472,carrot
472,celery
473,cucumber
473,beetroot
473,carrot
473,celery
474,orange
474,apple
474,banana
474,strawberry
475,cucumber
475,beetroot
475,carrot
475,celery
476,orange
476,apple
476,carrot
476,strawberry
477,cucumber
477,apple
477,carrot
477,celery
478,cucumber
478,beetroot
478,banana
478,celery
479,cucumber
479,beetroot
479,banana
479,celery
480,orange
480,apple
480,banana
480,strawberry
481,cucumber
481,beetroot
481,banana
481,celery
482,cucumber
482,apple
482,banana
482,celery
483,cucumber
483,beetroot
483,carrot
483,celery
484,cucumber
484,beetroot
484,carrot
484,strawberry
485,cucumber
485,beetroot
485,carrot
485,strawberry
486,orange
486,apple
486,banana
486,strawberry
487,cucumber
487,beetroot
487,carrot
487,strawberry
488,cucumber
488,apple
488,banana
488,strawberry
489,orange
489,apple
489,carrot
489,strawberry
490,orange
490,beetroot
490,carrot
490,celery
491,cucumber
491,apple
491,carrot
491,celery
492,cucumber
492,apple
492,banana
492,strawberry
493,orange
493,apple
493,carrot
493,strawberry
494,orange
494,beetroot
494,banana
494,celery
495,cucumber
495,apple
495,carrot
495,strawberry
496,orange
496,beetroot
496,carrot
496,strawberry
497,orange
497,beetroot
497,banana
497,celery
498,cucumber
498,apple
498,banana
498,celery
499,cucumber
499,apple
499,carrot
499,celery
500,cucumber
500,beetroot
500,banana
500,strawberry
501,cucumber
501,beetroot
501,carrot
501,celery
502,cucumber
502,apple
502,banana
502,strawberry
503,orange
503,beetroot
503,banana
503,strawberry
504,cucumber
504,apple
504,carrot
504,celery
505,orange
505,apple
505,carrot
505,celery
506,cucumber
506,apple
506,banana
506,strawberry
507,orange
507,apple
507,carrot
507,strawberry
508,orange
508,apple
508,carrot
508,celery
509,orange
509,apple
509,banana
509,celery
510,cucumber
510,apple
510,banana
510,strawberry
511,orange
511,beetroot
511,carrot
511,celery
512,cucumber
512,beetroot
512,carrot
512,strawberry
513,orange
513,apple
513,banana
513,strawberry
514,cucumber
514,beetroot
514,banana
514,strawberry
515,orange
515,beetroot
515,banana
515,celery
516,orange
516,apple
516,carrot
516,celery
517,orange
517,beetroot
517,banana
517,celery
518,orange
518,beetroot
518,banana
518,strawberry
519,orange
519,apple
519,banana
519,celery
520,cucumber
520,apple
520,carrot
520,strawberry
521,cucumber
521,beetroot
521,carrot
521,strawberry
522,orange
522,apple
522,carrot
522,celery
523,cucumber
523,apple
523,carrot
523,strawberry
524,orange
524,apple
524,carrot
524,strawberry
525,orange
525,beetroot
525,banana
525,celery
526,orange
526,beetroot
526,banana
526,celery
527,orange
527,apple
527,carrot
527,celery
528,cucumber
528,apple
528,banana
528,celery
529,cucumber
529,beetroot
529,carrot
529,strawberry
530,cucumber
530,beetroot
530,carrot
530,celery
531,orange
531,apple
531,carrot
531,celery
532,orange
532,apple
532,banana
532,strawberry
533,orange
533,beetroot
533,banana
533,celery
534,orange
534,apple
534,carrot
534,strawberry
535,cucumber
535,beetroot
535,carrot
535,celery
536,cucumber
536,apple
536,banana
536,celery
537,orange
537,apple
537,carrot
537,celery
538,orange
538,beetroot
538,carrot
538,strawberry
539,orange
539,beetroot
539,carrot
539,strawberry
540,cucumber
540,apple
540,banana
540,celery
541,orange
541,beetroot
541,carrot
541,strawberry
542,cucumber
542,beetroot
542,banana
542,strawberry
543,orange
543,apple
543,carrot
543,strawberry
544,orange
544,beetroot
544,banana
544,strawberry
545,cucumber
545,apple
545,banana
545,celery
546,cucumber
546,beetroot
546,carrot
546,celery
547,cucumber
547,beetroot
547,banana
547,celery
548,cucumber
548,apple
548,carrot
548,celery
549,orange
549,beetroot
549,banana
549,strawberry
550,orange
550,beetroot
550,banana
550,strawberry
551,orange
551,beetroot
551,banana
551,celery
552,orange
552,beetroot
552,carrot
552,celery
553,cucumber
553,beetroot
553,banana
553,strawberry
554,cucumber
554,beetroot
554,banana
554,celery
555,orange
555,apple
555,carrot
555,celery
556,cucumber
556,apple
556,carrot
556,strawberry
557,cucumber
557,beetroot
557,carrot
557,strawberry
558,cucumber
558,beetroot
558,carrot
558,celery
559,orange
559,apple
559,carrot
559,strawberry
560,orange
560,apple
560,carrot
560,strawberry
561,orange
561,beetroot
561,carrot
561,strawberry
562,cucumber
562,apple
562,banana
562,strawberry
563,cucumber
563,apple
563,banana
563,strawberry
564,cucumber
564,beetroot
564,banana
564,strawberry
565,cucumber
565,beetroot
565,carrot
565,celery
566,cucumber
566,apple
566,banana
566,strawberry
567,cucumber
567,beetroot
567,carrot
567,celery
568,orange
568,apple
568,banana
568,celery
569,cucumber
569,beetroot
569,banana
569,strawberry
570,cucumber
570,beetroot
570,banana
570,celery
571,orange
571,apple
571,carrot
571,celery
572,cucumber
572,apple
572,carrot
572,strawberry
573,cucumber
573,apple
573,carrot
573,strawberry
574,cucumber
574,beetroot
574,carrot
574,strawberry
575,orange
575,beetroot
575,carrot
575,strawberry
576,orange
576,apple
576,banana
576,strawberry
577,orange
577,apple
577,carrot
577,celery
578,cucumber
578,apple
578,carrot
578,strawberry
579,orange
579,beetroot
579,banana
579,celery
580,cucumber
580,beetroot
580,banana
580,celery
581,cucumber
581,apple
581,carrot
581,strawberry
582,orange
582,apple
582,banana
582,celery
583,orange
583,apple
583,banana
583,celery
584,cucumber
584,apple
584,carrot
584,celery
585,cucumber
585,apple
585,carrot
585,celery
586,orange
586,apple
586,banana
586,celery
587,cucumber
587,beetroot
587,carrot
587,celery
588,cucumber
588,beetroot
588,carrot
588,strawberry
589,orange
589,apple
589,carrot
589,celery
590,cucumber
590,apple
590,banana
590,strawberry
591,cucumber
591,beetroot
591,banana
591,strawberry
592,cucumber
592,beetroot
592,banana
592,strawberry
593,cucumber
593,beetroot
593,carrot
593,strawberry
594,orange
594,beetroot
594,carrot
594,celery
595,orange
595,beetroot
595,banana
595,strawberry
596,orange
596,beetroot
596,carrot
596,strawberry
597,cucumber
597,apple
597,carrot
597,celery
598,cucumber
598,apple
598,carrot
598,strawberry
599,orange
599,apple
599,carrot
599,celery
600,cucumber
600,apple
600,carrot
600,celery
601,orange
601,apple
601,banana
601,celery
602,orange
602,apple
602,banana
602,celery
603,orange
603,beetroot
603,carrot
603,strawberry
604,cucumber
604,apple
604,carrot
604,strawberry
605,cucumber
605,beetroot
605,banana
605,celery
606,orange
606,beetroot
606,banana
606,strawberry
607,cucumber
607,beetroot
607,carrot
607,celery
608,orange
608,apple
608,banana
608,celery
609,cucumber
609,beetroot
609,carrot
609,strawberry
610,orange
610,apple
610,banana
610,celery
611,cucumber
611,beetroot
611,banana
611,celery
612,orange
612,beetroot
612,carrot
612,celery
613,orange
613,apple
613,carrot
613,celery
614,orange
614,beetroot
614,banana
614,celery
615,orange
615,beetroot
615,banana
615,celery
616,cucumber
616,beetroot
616,banana
616,strawberry
617,orange
617,apple
617,banana
617,celery
618,cucumber
618,beetroot
618,carrot
618,celery
619,orange
619,apple
619,banana
619,strawberry
620,orange
620,apple
620,carrot
620,strawberry
621,orange
621,apple
621,carrot
621,strawberry
622,cucumber
622,apple
622,carrot
622,strawberry
623,cucumber
623,apple
623,carrot
623,celery
624,orange
624,beetroot
624,banana
624,strawberry
625,cucumber
625,apple
625,carrot
625,strawberry
626,orange
626,apple
626,carrot
626,celery
627,cucumber
627,beetroot
627,banana
627,celery
628,orange
628,apple
628,carrot
628,strawberry
629,cucumber
629,apple
629,banana
629,strawberry
630,orange
630,apple
630,banana
630,celery
631,orange
631,beetroot
631,banana
631,strawberry
632,cucumber
632,beetroot
632,carrot
632,strawberry
633,orange
633,beetroot
633,carrot
633,celery
634,cucumber
634,apple
634,carrot
634,strawberry
635,cucumber
635,beetroot
635,carrot
635,celery
636,cucumber
636,beetroot
636,carrot
636,celery
637,orange
637,beetroot
637,banana
637,celery
638,orange
638,apple
638,banana
638,strawberry
639,orange
639,beetroot
639,carrot
639,celery
640,orange
640,apple
640,banana
640,celery
641,orange
641,apple
641,banana
641,celery
642,cucumber
642,beetroot
642,banana
642,strawberry
643,orange
643,apple
643,carrot
643,celery
644,cucumber
644,beetroot
644,carrot
644,strawberry
645,cucumber
645,apple
645,banana
645,celery
646,cucumber
646,beetroot
646,banana
646,celery
647,cucumber
647,beetroot
647,banana
647,celery
648,orange
648,beetroot
648,banana
648,celery
649,orange
649,apple
649,carrot
649,strawberry
650,orange
650,apple
650,banana
650,celery
651,cucumber
651,apple
651,carrot
651,strawberry
652,orange
652,apple
652,banana
652,celery
653,cucumber
653,apple
653,banana
653,strawberry
654,cucumber
654,apple
654,banana
654,strawberry
655,orange
655,apple
655,banana
655,celery
656,cucumber
656,beetroot
656,banana
656,strawberry
657,orange
657,apple
657,carrot
657,celery
658,orange
658,beetroot
658,carrot
658,strawberry
659,orange
659,beetroot
659,banana
659,celery
660,cucumber
660,beetroot
660,carrot
660,strawberry
661,orange
661,apple
661,banana
661,strawberry
662,orange
662,apple
662,carrot
662,strawberry
663,orange
663,apple
663,banana
663,strawberry
664,cucumber
664,beetroot
664,carrot
664,strawberry
665,orange
665,apple
665,banana
665,celery
666,orange
666,apple
666,carrot
666,strawberry
667,cucumber
667,apple
667,carrot
667,strawberry
668,cucumber
668,beetroot
668,banana
668,celery
669,cucumber
669,beetroot
669,carrot
669,celery
670,orange
670,beetroot
670,carrot
670,celery
671,orange
671,beetroot
671,banana
671,celery
672,orange
672,apple
672,carrot
672,strawberry
673,cucumber
673,beetroot
673,carrot
673,celery
674,orange
674,beetroot
674,carrot
674,celery
675,cucumber
675,apple
675,banana
675,strawberry
676,cucumber
676,beetroot
676,carrot
676,celery
677,orange
677,apple
677,carrot
677,celery
678,cucumber
678,beetroot
678,banana
678,celery
679,cucumber
679,beetroot
679,carrot
679,celery
680,orange
680,apple
680,carrot
680,celery
681,orange
681,apple
681,banana
681,strawberry
682,cucumber
682,beetroot
682,carrot
682,celery
683,orange
683,beetroot
683,banana
683,celery
684,orange
684,apple
684,banana
684,strawberry
685,orange
685,apple
685,carrot
685,strawberry
686,orange
686,apple
686,carrot
686,celery
687,orange
687,beetroot
687,banana
687,strawberry
688,orange
688,beetroot
688,banana
688,strawberry
689,orange
689,beetroot
689,carrot
689,celery
690,cucumber
690,beetroot
690,carrot
690,strawberry
691,orange
691,beetroot
691,banana
691,strawberry
692,cucumber
692,beetroot
692,carrot
692,celery
693,orange
693,beetroot
693,banana
693,strawberry
694,cucumber
694,beetroot
694,banana
694,strawberry
695,orange
695,beetroot
695,banana
695,strawberry
696,cucumber
696,apple
696,carrot
696,strawberry
697,orange
697,beetroot
697,banana
697,celery
698,orange
698,apple
698,carrot
698,celery
699,cucumber
699,beetroot
699,carrot
699,celery
700,cucumber
700,beetroot
700,carrot
700,celery
701,orange
701,beetroot
701,banana
701,strawberry
702,orange
702,apple
702,banana
702,strawberry
703,orange
703,apple
703,carrot
703,strawberry
704,orange
704,beetroot
704,banana
704,strawberry
705,orange
705,apple
705,banana
705,strawberry
706,orange
706,beetroot
706,carrot
706,celery
707,cucumber
707,beetroot
707,carrot
707,strawberry
708,orange
708,beetroot
708,carrot
708,strawberry
709,cucumber
709,apple
709,carrot
709,strawberry
710,cucumber
710,beetroot
710,carrot
710,strawberry
711,orange
711,apple
711,carrot
711,strawberry
712,cucumber
712,apple
712,carrot
712,strawberry
713,cucumber
713,beetroot
713,carrot
713,strawberry
714,cucumber
714,apple
714,carrot
714,celery
715,cucumber
715,apple
715,banana
715,strawberry
716,orange
716,apple
716,banana
716,celery
717,cucumber
717,beetroot
717,banana
717,celery
718,cucumber
718,beetroot
718,carrot
718,strawberry
719,cucumber
719,apple
719,banana
719,celery
720,cucumber
720,beetroot
720,carrot
720,celery
721,orange
721,apple
721,banana
721,celery
722,cucumber
722,apple
722,carrot
722,celery
723,orange
723,apple
723,banana
723,strawberry
724,orange
724,apple
724,carrot
724,strawberry
725,cucumber
725,apple
725,carrot
725,strawberry
726,cucumber
726,apple
726,carrot
726,strawberry
727,cucumber
727,apple
727,carrot
727,strawberry
728,orange
728,beetroot
728,carrot
728,strawberry
729,orange
729,apple
729,banana
729,strawberry
730,cucumber
730,apple
730,banana
730,celery
731,orange
731,apple
731,carrot
731,celery
732,orange
732,beetroot
732,banana
732,strawberry
733,cucumber
733,apple
733,banana
733,celery
734,cucumber
734,apple
734,banana
734,strawberry
735,orange
735,beetroot
735,carrot
735,celery
736,orange
736,beetroot
736,banana
736,celery
737,orange
737,beetroot
737,carrot
737,strawberry
738,orange
738,apple
738,carrot
738,celery
739,orange
739,apple
739,carrot
739,celery
740,orange
740,beetroot
740,carrot
740,celery
741,cucumber
741,beetroot
741,banana
741,celery
742,cucumber
742,apple
742,carrot
742,strawberry
743,orange
743,apple
743,carrot
743,strawberry
744,orange
744,apple
744,banana
744,celery
745,cucumber
745,beetroot
745,banana
745,celery
746,cucumber
746,apple
746,banana
746,celery
747,cucumber
747,beetroot
747,carrot
747,strawberry
748,cucumber
748,beetroot
748,carrot
748,strawberry
749,orange
749,beetroot
749,carrot
749,celery
750,orange
750,beetroot
750,carrot
750,strawberry
751,orange
751,beetroot
751,carrot
751,strawberry
752,orange
752,apple
752,carrot
752,strawberry
753,cucumber
753,beetroot
753,carrot
753,strawberry
754,cucumber
754,apple
754,banana
754,celery
755,cucumber
755,beetroot
755,banana
755,strawberry
756,orange
756,apple
756,carrot
756,celery
757,orange
757,beetroot
757,carrot
757,celery
758,orange
758,apple
758,banana
758,celery
759,orange
759,apple
759,banana
759,strawberry
760,orange
760,apple
760,banana
760,strawberry
761,cucumber
761,apple
761,banana
761,celery
762,orange
762,beetroot
762,carrot
762,celery
763,cucumber
763,apple
763,carrot
763,celery
764,cucumber
764,beetroot
764,banana
764,celery
765,orange
765,apple
765,carrot
765,celery
766,cucumber
766,beetroot
766,carrot
766,strawberry
767,cucumber
767,apple
767,banana
767,strawberry
768,cucumber
768,apple
768,banana
768,celery
769,cucumber
769,apple
769,carrot
769,strawberry
770,orange
770,apple
770,banana
770,strawberry
771,cucumber
771,apple
771,carrot
771,celery
772,cucumber
772,beetroot
772,banana
772,strawberry
773,cucumber
773,apple
773,carrot
773,strawberry
774,orange
774,beetroot
774,banana
774,celery
775,cucumber
775,beetroot
775,banana
775,celery
776,cucumber
776,beetroot
776,carrot
776,strawberry
777,orange
777,beetroot
777,carrot
777,celery
778,orange
778,beetroot
778,banana
778,strawberry
779,orange
779,apple
779,banana
779,strawberry
780,cucumber
780,beetroot
780,banana
780,celery
781,cucumber
781,beetroot
781,banana
781,celery
782,cucumber
782,beetroot
782,banana
782,celery
783,cucumber
783,apple
783,carrot
783,strawberry
784,cucumber
784,beetroot
784,carrot
784,strawberry
785,orange
785,beetroot
785,carrot
785,celery
786,cucumber
786,beetroot
786,banana
786,strawberry
787,orange
787,apple
787,banana
787,celery
788,cucumber
788,apple
788,carrot
788,strawberry
789,cucumber
789,beetroot
789,carrot
789,strawberry
790,cucumber
790,beetroot
790,banana
790,celery
791,cucumber
791,apple
791,carrot
791,celery
792,orange
792,beetroot
792,carrot
792,strawberry
793,cucumber
793,beetroot
793,carrot
793,strawberry
794,orange
794,beetroot
794,banana
794,strawberry
795,cucumber
795,apple
795,carrot
795,strawberry
796,orange
796,apple
796,banana
796,celery
797,cucumber
797,apple
797,carrot
797,celery
798,orange
798,apple
798,carrot
798,strawberry
799,orange
799,apple
799,banana
799,celery
800,orange
800,apple
800,banana
800,strawberry
801,orange
801,apple
801,banana
801,celery
802,orange
802,beetroot
802,banana
802,strawberry
803,orange
803,apple
803,carrot
803,celery
804,orange
804,apple
804,carrot
804,celery
805,orange
805,beetroot
805,carrot
805,strawberry
806,cucumber
806,apple
806,banana
806,celery
807,cucumber
807,apple
807,banana
807,celery
808,orange
808,beetroot
808,carrot
808,celery
809,cucumber
809,beetroot
809,carrot
809,strawberry
810,orange
810,apple
810,banana
810,celery
811,cucumber
811,beetroot
811,banana
811,strawberry
812,cucumber
812,beetroot
812,banana
812,celery
813,cucumber
813,beetroot
813,banana
813,celery
814,orange
814,beetroot
814,carrot
814,celery
815,cucumber
815,beetroot
815,carrot
815,celery
816,orange
816,beetroot
816,carrot
816,strawberry
817,orange
817,apple
817,banana
817,celery
818,orange
818,beetroot
818,carrot
818,strawberry
819,orange
819,beetroot
819,banana
819,celery
820,orange
820,beetroot
820,banana
820,celery
821,orange
821,beetroot
821,banana
821,celery
822,orange
822,apple
822,carrot
822,celery
823,orange
823,beetroot
823,banana
823,celery
824,cucumber
824,beetroot
824,banana
824,strawberry
825,orange
825,beetroot
825,carrot
825,celery
826,cucumber
826,apple
826,carrot
826,celery
827,cucumber
827,apple
827,banana
827,celery
828,cucumber
828,beetroot
828,banana
828,strawberry
829,cucumber
829,beetroot
829,carrot
829,celery
830,orange
830,beetroot
830,carrot
830,strawberry
831,cucumber
831,apple
831,carrot
831,celery
832,cucumber
832,beetroot
832,carrot
832,celery
833,orange
833,beetroot
833,carrot
833,strawberry
834,cucumber
834,beetroot
834,banana
834,strawberry
835,cucumber
835,apple
835,carrot
835,strawberry
836,orange
836,apple
836,carrot
836,celery
837,cucumber
837,beetroot
837,banana
837,celery
838,cucumber
838,apple
838,carrot
838,strawberry
839,orange
839,apple
839,banana
839,celery
840,cucumber
840,apple
840,carrot
840,celery
841,orange
841,beetroot
841,carrot
841,strawberry
842,cucumber
842,beetroot
842,carrot
842,strawberry
843,orange
843,apple
843,carrot
843,strawberry
844,orange
844,apple
844,carrot
844,celery
845,orange
845,apple
845,banana
845,strawberry
846,cucumber
846,beetroot
846,banana
846,strawberry
847,orange
847,apple
847,banana
847,celery
848,cucumber
848,apple
848,banana
848,strawberry
849,orange
849,apple
849,banana
849,celery
850,cucumber
850,apple
850,carrot
850,strawberry
851,orange
851,beetroot
851,carrot
851,strawberry
852,orange
852,apple
852,carrot
852,celery
853,orange
853,apple
853,banana
853,strawberry
854,cucumber
854,beetroot
854,banana
854,celery
855,orange
855,beetroot
855,banana
855,strawberry
856,cucumber
856,apple
856,carrot
856,celery
857,orange
857,beetroot
857,carrot
857,strawberry
858,cucumber
858,apple
858,carrot
858,celery
859,orange
859,beetroot
859,banana
859,celery
860,orange
860,beetroot
860,banana
860,strawberry
861,orange
861,beetroot
861,carrot
861,celery
862,cucumber
862,beetroot
862,banana
862,celery
863,cucumber
863,beetroot
863,banana
863,strawberry
864,orange
864,beetroot
864,carrot
864,strawberry
865,cucumber
865,apple
865,banana
865,celery
866,orange
866,beetroot
866,banana
866,celery
867,cucumber
867,apple
867,carrot
867,strawberry
868,orange
868,apple
868,banana
868,celery
869,orange
869,apple
869,banana
869,celery
870,cucumber
870,beetroot
870,carrot
870,strawberry
871,orange
871,beetroot
871,banana
871,strawberry
872,orange
872,beetroot
872,banana
872,strawberry
873,cucumber
873,apple
873,carrot
873,strawberry
874,cucumber
874,apple
874,carrot
874,strawberry
875,cucumber
875,beetroot
875,carrot
875,celery
876,cucumber
876,beetroot
876,banana
876,celery
877,orange
877,apple
877,banana
877,strawberry
878,orange
878,beetroot
878,carrot
878,celery
879,orange
879,apple
879,carrot
879,strawberry
880,cucumber
880,beetroot
880,banana
880,celery
881,cucumber
881,beetroot
881,banana
881,celery
882,orange
882,beetroot
882,banana
882,celery
883,orange
883,apple
883,banana
883,celery
884,cucumber
884,apple
884,banana
884,strawberry
885,orange
885,beetroot
885,carrot
885,celery
886,orange
886,apple
886,carrot
886,strawberry
887,orange
887,apple
887,carrot
887,celery
888,orange
888,beetroot
888,carrot
888,celery
889,orange
889,apple
889,carrot
889,strawberry
890,orange
890,beetroot
890,carrot
890,celery
891,orange
891,beetroot
891,carrot
891,celery
892,cucumber
892,apple
892,banana
892,strawberry
893,cucumber
893,apple
893,banana
893,celery
894,cucumber
894,apple
894,banana
894,celery
895,cucumber
895,beetroot
895,carrot
895,celery
896,orange
896,apple
896,carrot
896,strawberry
897,orange
897,apple
897,carrot
897,strawberry
898,cucumber
898,beetroot
898,banana
898,strawberry
899,cucumber
899,beetroot
899,carrot
899,strawberry
900,orange
900,apple
900,carrot
900,strawberry
901,cucumber
901,beetroot
901,banana
901,strawberry
902,cucumber
902,beetroot
902,carrot
902,strawberry
903,orange
903,beetroot
903,carrot
903,celery
904,cucumber
904,beetroot
904,banana
904,strawberry
905,cucumber
905,apple
905,carrot
905,celery
906,cucumber
906,apple
906,carrot
906,celery
907,orange
907,beetroot
907,banana
907,strawberry
908,orange
908,beetroot
908,banana
908,strawberry
909,cucumber
909,apple
909,carrot
909,strawberry
910,orange
910,apple
910,banana
910,strawberry
911,cucumber
911,beetroot
911,banana
911,strawberry
912,orange
912,beetroot
912,banana
912,strawberry
913,orange
913,apple
913,carrot
913,celery
914,orange
914,beetroot
914,banana
914,celery
915,orange
915,beetroot
915,carrot
915,celery
916,cucumber
916,beetroot
916,carrot
916,celery
917,cucumber
917,beetroot
917,banana
917,celery
918,cucumber
918,beetroot
918,carrot
918,strawberry
919,orange
919,apple
919,banana
919,strawberry
920,orange
920,beetroot
920,carrot
920,celery
921,orange
921,beetroot
921,carrot
921,celery
922,orange
922,beetroot
922,banana
922,celery
923,orange
923,beetroot
923,banana
923,celery
924,cucumber
924,apple
924,carrot
924,celery
925,orange
925,apple
925,carrot
925,celery
926,cucumber
926,beetroot
926,banana
926,celery
927,orange
927,apple
927,carrot
927,celery
928,orange
928,beetroot
928,carrot
928,celery
929,cucumber
929,beetroot
929,carrot
929,strawberry
930,cucumber
930,apple
930,banana
930,celery
931,cucumber
931,apple
931,carrot
931,strawberry
932,orange
932,beetroot
932,carrot
932,celery
933,cucumber
933,beetroot
933,banana
933,strawberry
934,orange
934,apple
934,banana
934,strawberry
935,orange
935,beetroot
935,banana
935,strawberry
936,orange
936,apple
936,banana
936,strawberry
937,orange
937,apple
937,banana
937,celery
938,orange
938,beetroot
938,carrot
938,celery
939,cucumber
939,beetroot
939,carrot
939,celery
940,cucumber
940,apple
940,banana
940,strawberry
941,cucumber
941,apple
941,banana
941,celery
942,cucumber
942,beetroot
942,carrot
942,celery
943,orange
943,beetroot
943,banana
943,celery
944,cucumber
944,beetroot
944,carrot
944,celery
945,cucumber
945,beetroot
945,carrot
945,strawberry
946,orange
946,apple
946,carrot
946,celery
947,cucumber
947,apple
947,carrot
947,strawberry
948,orange
948,beetroot
948,carrot
948,celery
949,cucumber
949,apple
949,carrot
949,strawberry
950,cucumber
950,apple
950,banana
950,strawberry
951,orange
951,beetroot
951,carrot
951,celery
952,orange
952,apple
952,carrot
952,strawberry
953,orange
953,beetroot
953,banana
953,strawberry
954,orange
954,beetroot
954,banana
954,celery
955,orange
955,apple
955,banana
955,celery
956,cucumber
956,apple
956,banana
956,strawberry
957,orange
957,apple
957,banana
957,strawberry
958,cucumber
958,apple
958,banana
958,celery
959,orange
959,apple
959,banana
959,celery
960,cucumber
960,beetroot
960,banana
960,strawberry
961,cucumber
961,apple
961,banana
961,strawberry
962,orange
962,apple
962,banana
962,celery
963,cucumber
963,beetroot
963,banana
963,celery
964,orange
964,apple
964,banana
964,strawberry
965,cucumber
965,beetroot
965,banana
965,strawberry
966,cucumber
966,beetroot
966,carrot
966,celery
967,orange
967,apple
967,carrot
967,celery
968,cucumber
968,apple
968,carrot
968,strawberry
969,cucumber
969,beetroot
969,banana
969,celery
970,orange
970,apple
970,banana
970,strawberry
971,orange
971,beetroot
971,banana
971,celery
972,cucumber
972,beetroot
972,banana
972,celery
973,cucumber
973,beetroot
973,carrot
973,strawberry
974,cucumber
974,beetroot
974,banana
974,celery
975,cucumber
975,apple
975,banana
975,strawberry
976,cucumber
976,apple
976,banana
976,strawberry
977,orange
977,beetroot
977,banana
977,celery
978,orange
978,apple
978,carrot
978,strawberry
979,orange
979,apple
979,carrot
979,celery
980,cucumber
980,apple
980,carrot
980,strawberry
981,cucumber
981,apple
981,carrot
981,strawberry
982,cucumber
982,beetroot
982,banana
982,strawberry
983,cucumber
983,beetroot
983,carrot
983,celery
984,cucumber
984,beetroot
984,banana
984,strawberry
985,cucumber
985,apple
985,banana
985,celery
986,orange
986,beetroot
986,banana
986,celery
987,cucumber
987,apple
987,carrot
987,celery
988,cucumber
988,beetroot
988,banana
988,strawberry
989,orange
989,apple
989,banana
989,celery
990,orange
990,beetroot
990,banana
990,celery
991,cucumber
991,beetroot
991,carrot
991,celery
992,cucumber
992,beetroot
992,banana
992,celery
993,cucumber
993,apple
993,carrot
993,strawberry
994,cucumber
994,beetroot
994,banana
994,strawberry
995,cucumber
995,apple
995,carrot
995,strawberry
996,cucumber
996,beetroot
996,carrot
996,celery
997,cucumber
997,apple
997,banana
997,celery
998,cucumber
998,apple
998,carrot
998,celery
999,orange
999,apple
999,carrot
999,strawberry
